sku_id,asin,product_name,category,date,inventory_on_hand,sales_units,revenue,ad_spend,has_buy_box,my_price,competitor_price
ABC-001,B0ABC00100,Wireless Earbuds Pro,Electronics,2026-01-01,420,73.904,1847.6,527.89,false,25.0,25.5
ABC-001,B0ABC00100,Wireless Earbuds Pro,Electronics,2026-01-02,420,63.653,1591.33,454.67,true,25.0,25.5
ABC-001,B0ABC00100,Wireless Earbuds Pro,Electronics,2026-01-03,419,76.5063,1912.66,546.47,true,25.0,25.5
ABC-001,B0ABC00100,Wireless Earbuds Pro,Electronics,2026-01-04,419,80.7988,2019.97,577.13,false,25.0,25.5
ABC-001,B0ABC00100,Wireless Earbuds Pro,Electronics,2026-01-05,419,67.6104,1690.26,482.93,false,25.0,25.5
ABC-001,B0ABC00100,Wireless Earbuds Pro,Electronics,2026-01-06,418,61.8889,1547.22,442.06,true,25.0,25.5
ABC-001,B0ABC00100,Wireless Earbuds Pro,Electronics,2026-01-07,418,56.4877,1412.19,403.48,true,25.0,25.5
ABC-001,B0ABC00100,Wireless Earbuds Pro,Electronics,2026-01-08,418,73.8072,1845.18,527.19,true,25.0,25.5
ABC-001,B0ABC00100,Wireless Earbuds Pro,Electronics,2026-01-09,417,61.7993,1544.98,441.42,true,25.0,25.5
ABC-001,B0ABC00100,Wireless Earbuds Pro,Electronics,2026-01-10,417,78.1331,1953.33,558.09,false,25.0,25.5
ABC-001,B0ABC00100,Wireless Earbuds Pro,Electronics,2026-01-11,417,77.9737,1949.34,556.95,true,25.0,25.5
ABC-001,B0ABC00100,Wireless Earbuds Pro,Electronics,2026-01-12,417,64.9864,1624.66,464.19,true,25.0,25.5
ABC-001,B0ABC00100,Wireless Earbuds Pro,Electronics,2026-01-13,416,82.0567,2051.42,586.12,true,25.0,25.5
ABC-001,B0ABC00100,Wireless Earbuds Pro,Electronics,2026-01-14,416,58.0256,1450.64,414.47,false,25.0,25.5
ABC-001,B0ABC00100,Wireless Earbuds Pro,Electronics,2026-01-15,416,78.8927,1972.32,563.52,true,25.0,25.5
ABC-001,B0ABC00100,Wireless Earbuds Pro,Electronics,2026-01-16,415,77.7153,1942.88,555.11,true,25.0,25.5
ABC-001,B0ABC00100,Wireless Earbuds Pro,Electronics,2026-01-17,415,70.1622,1754.06,501.16,true,25.0,25.5
ABC-001,B0ABC00100,Wireless Earbuds Pro,Electronics,2026-01-18,415,65.7498,1643.74,469.64,true,25.0,25.5
ABC-001,B0ABC00100,Wireless Earbuds Pro,Electronics,2026-01-19,414,78.1538,1953.85,558.24,true,25.0,25.5
ABC-001,B0ABC00100,Wireless Earbuds Pro,Electronics,2026-01-20,414,78.986,1974.65,564.19,true,25.0,25.5
ABC-001,B0ABC00100,Wireless Earbuds Pro,Electronics,2026-01-21,414,74.5921,1864.8,532.8,false,25.0,25.5
ABC-001,B0ABC00100,Wireless Earbuds Pro,Electronics,2026-01-22,413,61.3986,1534.97,438.56,true,25.0,25.5
ABC-001,B0ABC00100,Wireless Earbuds Pro,Electronics,2026-01-23,413,57.2733,1431.83,409.09,true,25.0,25.5
ABC-001,B0ABC00100,Wireless Earbuds Pro,Electronics,2026-01-24,413,57.8133,1445.33,412.95,true,25.0,25.5
ABC-001,B0ABC00100,Wireless Earbuds Pro,Electronics,2026-01-25,412,72.4708,1811.77,517.65,true,25.0,25.5
ABC-001,B0ABC00100,Wireless Earbuds Pro,Electronics,2026-01-26,412,65.1207,1628.02,465.15,true,25.0,25.5
ABC-001,B0ABC00100,Wireless Earbuds Pro,Electronics,2026-01-27,412,62.2376,1555.94,444.55,true,25.0,25.5
ABC-001,B0ABC00100,Wireless Earbuds Pro,Electronics,2026-01-28,411,72.6436,1816.09,518.88,true,25.0,25.5
ABC-001,B0ABC00100,Wireless Earbuds Pro,Electronics,2026-01-29,411,59.5153,1487.88,425.11,true,25.0,25.5
ABC-001,B0ABC00100,Wireless Earbuds Pro,Electronics,2026-01-30,411,59.2578,1481.45,423.27,true,25.0,25.5
ABC-001,B0ABC00100,Wireless Earbuds Pro,Electronics,2026-01-31,411,81.8233,2045.58,584.45,true,25.0,25.5
ABC-001,B0ABC00100,Wireless Earbuds Pro,Electronics,2026-02-01,410,69.93,1748.25,499.5,true,25.0,25.5
ABC-001,B0ABC00100,Wireless Earbuds Pro,Electronics,2026-02-02,410,77.6895,1942.24,554.93,true,25.0,25.5
ABC-001,B0ABC00100,Wireless Earbuds Pro,Electronics,2026-02-03,410,60.8686,1521.71,434.77,false,25.0,25.5
ABC-001,B0ABC00100,Wireless Earbuds Pro,Electronics,2026-02-04,409,63.1795,1579.49,451.28,true,25.0,25.5
ABC-001,B0ABC00100,Wireless Earbuds Pro,Electronics,2026-02-05,409,60.2824,1507.06,430.59,true,25.0,25.5
ABC-001,B0ABC00100,Wireless Earbuds Pro,Electronics,2026-02-06,409,78.3638,1959.1,559.74,true,25.0,25.5
ABC-001,B0ABC00100,Wireless Earbuds Pro,Electronics,2026-02-07,408,72.289,1807.23,516.35,true,25.0,25.5
ABC-001,B0ABC00100,Wireless Earbuds Pro,Electronics,2026-02-08,408,79.2815,1982.04,566.3,true,25.0,25.5
ABC-001,B0ABC00100,Wireless Earbuds Pro,Electronics,2026-02-09,408,61.5617,1539.04,439.73,true,25.0,25.5
ABC-001,B0ABC00100,Wireless Earbuds Pro,Electronics,2026-02-10,407,69.5668,1739.17,496.91,true,25.0,25.5
ABC-001,B0ABC00100,Wireless Earbuds Pro,Electronics,2026-02-11,407,70.1431,1753.58,501.02,true,25.0,25.5
ABC-001,B0ABC00100,Wireless Earbuds Pro,Electronics,2026-02-12,407,65.0669,1626.67,464.76,true,25.0,25.5
ABC-001,B0ABC00100,Wireless Earbuds Pro,Electronics,2026-02-13,406,81.2243,2030.61,580.17,true,25.0,25.5
ABC-001,B0ABC00100,Wireless Earbuds Pro,Electronics,2026-02-14,406,56.6135,1415.34,404.38,false,25.0,25.5
ABC-001,B0ABC00100,Wireless Earbuds Pro,Electronics,2026-02-15,406,57.0766,1426.91,407.69,true,25.0,25.5
ABC-001,B0ABC00100,Wireless Earbuds Pro,Electronics,2026-02-16,406,75.4811,1887.03,539.15,true,25.0,25.5
ABC-001,B0ABC00100,Wireless Earbuds Pro,Electronics,2026-02-17,405,55.7421,1393.55,398.16,true,25.0,25.5
ABC-001,B0ABC00100,Wireless Earbuds Pro,Electronics,2026-02-18,405,80.8713,2021.78,577.65,true,25.0,25.5
ABC-001,B0ABC00100,Wireless Earbuds Pro,Electronics,2026-02-19,405,80.133,2003.32,572.38,true,25.0,25.5
ABC-001,B0ABC00100,Wireless Earbuds Pro,Electronics,2026-02-20,404,54.2094,1355.24,387.21,true,25.0,25.5
ABC-001,B0ABC00100,Wireless Earbuds Pro,Electronics,2026-02-21,404,72.2158,1805.39,515.83,true,25.0,25.5
ABC-001,B0ABC00100,Wireless Earbuds Pro,Electronics,2026-02-22,404,60.9957,1524.89,435.68,true,25.0,25.5
ABC-001,B0ABC00100,Wireless Earbuds Pro,Electronics,2026-02-23,403,56.7733,1419.33,405.52,true,25.0,25.5
ABC-001,B0ABC00100,Wireless Earbuds Pro,Electronics,2026-02-24,403,65.9217,1648.04,470.87,true,25.0,25.5
ABC-001,B0ABC00100,Wireless Earbuds Pro,Electronics,2026-02-25,403,77.2023,1930.06,551.45,true,25.0,25.5
ABC-001,B0ABC00100,Wireless Earbuds Pro,Electronics,2026-02-26,402,67.0757,1676.89,479.11,true,25.0,25.5
ABC-001,B0ABC00100,Wireless Earbuds Pro,Electronics,2026-02-27,402,78.0672,1951.68,557.62,true,25.0,25.5
ABC-001,B0ABC00100,Wireless Earbuds Pro,Electronics,2026-02-28,402,61.5569,1538.92,439.69,true,25.0,25.5
ABC-001,B0ABC00100,Wireless Earbuds Pro,Electronics,2026-03-01,401,69.8187,1745.47,498.71,true,25.0,25.5
ABC-001,B0ABC00100,Wireless Earbuds Pro,Electronics,2026-03-02,401,73.8695,1846.74,527.64,true,25.0,25.5
ABC-001,B0ABC00100,Wireless Earbuds Pro,Electronics,2026-03-03,401,74.2421,1856.05,530.3,true,25.0,25.5
ABC-001,B0ABC00100,Wireless Earbuds Pro,Electronics,2026-03-04,400,53.4113,1335.28,381.51,true,25.0,25.5
ABC-001,B0ABC00100,Wireless Earbuds Pro,Electronics,2026-03-05,400,53.8736,1346.84,384.81,true,25.0,25.5
ABC-001,B0ABC00100,Wireless Earbuds Pro,Electronics,2026-03-06,400,76.7352,1918.38,548.11,true,25.0,25.5
ABC-001,B0ABC00100,Wireless Earbuds Pro,Electronics,2026-03-07,400,61.4606,1536.51,439.0,false,25.0,25.5
ABC-001,B0ABC00100,Wireless Earbuds Pro,Electronics,2026-03-08,399,76.5953,1914.88,547.11,true,25.0,25.5
ABC-001,B0ABC00100,Wireless Earbuds Pro,Electronics,2026-03-09,399,55.4638,1386.6,396.17,true,25.0,25.5
ABC-001,B0ABC00100,Wireless Earbuds Pro,Electronics,2026-03-10,399,54.9831,1374.58,392.74,true,25.0,25.5
ABC-001,B0ABC00100,Wireless Earbuds Pro,Electronics,2026-03-11,398,73.4357,1835.89,524.54,true,25.0,25.5
ABC-001,B0ABC00100,Wireless Earbuds Pro,Electronics,2026-03-12,398,65.6692,1641.73,469.07,true,25.0,25.5
ABC-001,B0ABC00100,Wireless Earbuds Pro,Electronics,2026-03-13,398,60.0444,1501.11,428.89,true,25.0,25.5
ABC-001,B0ABC00100,Wireless Earbuds Pro,Electronics,2026-03-14,397,64.1841,1604.6,458.46,true,25.0,25.5
ABC-001,B0ABC00100,Wireless Earbuds Pro,Electronics,2026-03-15,397,67.2075,1680.19,480.05,true,25.0,25.5
ABC-001,B0ABC00100,Wireless Earbuds Pro,Electronics,2026-03-16,397,58.2116,1455.29,415.8,true,25.0,25.5
ABC-001,B0ABC00100,Wireless Earbuds Pro,Electronics,2026-03-17,396,79.1468,1978.67,565.33,true,25.0,25.5
ABC-001,B0ABC00100,Wireless Earbuds Pro,Electronics,2026-03-18,396,64.3756,1609.39,459.83,true,25.0,25.5
ABC-001,B0ABC00100,Wireless Earbuds Pro,Electronics,2026-03-19,396,55.9585,1398.96,399.7,true,25.0,25.5
ABC-001,B0ABC00100,Wireless Earbuds Pro,Electronics,2026-03-20,395,61.6366,1540.91,440.26,true,25.0,25.5
ABC-001,B0ABC00100,Wireless Earbuds Pro,Electronics,2026-03-21,395,58.7435,1468.59,419.6,true,25.0,25.5
ABC-001,B0ABC00100,Wireless Earbuds Pro,Electronics,2026-03-22,395,54.5085,1362.71,389.35,true,25.0,25.5
ABC-001,B0ABC00100,Wireless Earbuds Pro,Electronics,2026-03-23,394,58.6189,1465.47,418.71,true,25.0,25.5
ABC-001,B0ABC00100,Wireless Earbuds Pro,Electronics,2026-03-24,394,75.1455,1878.64,536.75,false,25.0,25.5
ABC-001,B0ABC00100,Wireless Earbuds Pro,Electronics,2026-03-25,394,58.7633,1469.08,419.74,true,25.0,25.5
ABC-001,B0ABC00100,Wireless Earbuds Pro,Electronics,2026-03-26,394,58.0927,1452.32,414.95,true,25.0,25.5
ABC-001,B0ABC00100,Wireless Earbuds Pro,Electronics,2026-03-27,393,76.9545,1923.86,549.67,true,25.0,25.5
ABC-001,B0ABC00100,Wireless Earbuds Pro,Electronics,2026-03-28,393,64.7691,1619.23,462.64,true,25.0,25.5
ABC-001,B0ABC00100,Wireless Earbuds Pro,Electronics,2026-03-29,393,73.4806,1837.01,524.86,true,25.0,25.5
ABC-001,B0ABC00100,Wireless Earbuds Pro,Electronics,2026-03-30,392,54.8389,1370.97,391.71,true,25.0,25.5
ABC-001,B0ABC00100,Wireless Earbuds Pro,Electronics,2026-03-31,392,63.3305,1583.26,452.36,true,25.0,25.5
ABC-001,B0ABC00100,Wireless Earbuds Pro,Electronics,2026-04-01,392,71.2562,1781.41,508.97,true,25.0,25.5
ABC-001,B0ABC00100,Wireless Earbuds Pro,Electronics,2026-04-02,391,77.8539,1946.35,556.1,false,25.0,25.5
ABC-001,B0ABC00100,Wireless Earbuds Pro,Electronics,2026-04-03,391,62.6315,1565.79,447.37,true,25.0,25.5
ABC-001,B0ABC00100,Wireless Earbuds Pro,Electronics,2026-04-04,391,74.538,1863.45,532.41,true,25.0,25.5
ABC-001,B0ABC00100,Wireless Earbuds Pro,Electronics,2026-04-05,390,57.0024,1425.06,407.16,true,25.0,25.5
ABC-001,B0ABC00100,Wireless Earbuds Pro,Electronics,2026-04-06,390,62.981,1574.53,449.87,true,25.0,25.5
ABC-001,B0ABC00100,Wireless Earbuds Pro,Electronics,2026-04-07,390,58.459,1461.48,417.57,true,25.0,25.5
ABC-001,B0ABC00100,Wireless Earbuds Pro,Electronics,2026-04-08,389,63.431,1585.77,453.08,true,25.0,25.5
ABC-001,B0ABC00100,Wireless Earbuds Pro,Electronics,2026-04-09,389,66.1605,1654.01,472.57,false,25.0,25.5
ABC-001,B0ABC00100,Wireless Earbuds Pro,Electronics,2026-04-10,389,77.7444,1943.61,555.32,true,25.0,25.5
ABC-001,B0ABC00100,Wireless Earbuds Pro,Electronics,2026-04-11,388,76.897,1922.43,549.27,true,25.0,25.5
ABC-001,B0ABC00100,Wireless Earbuds Pro,Electronics,2026-04-12,388,73.7214,1843.04,526.58,true,25.0,25.5
ABC-001,B0ABC00100,Wireless Earbuds Pro,Electronics,2026-04-13,388,64.2737,1606.84,459.1,true,25.0,25.5
ABC-001,B0ABC00100,Wireless Earbuds Pro,Electronics,2026-04-14,388,62.0357,1550.89,443.11,false,25.0,25.5
ABC-001,B0ABC00100,Wireless Earbuds Pro,Electronics,2026-04-15,387,61.4156,1535.39,438.68,true,25.0,25.5
ABC-001,B0ABC00100,Wireless Earbuds Pro,Electronics,2026-04-16,387,58.4309,1460.77,417.36,true,25.0,25.5
ABC-001,B0ABC00100,Wireless Earbuds Pro,Electronics,2026-04-17,387,63.2754,1581.88,451.97,true,25.0,25.5
ABC-001,B0ABC00100,Wireless Earbuds Pro,Electronics,2026-04-18,386,76.1598,1904.0,544.0,true,25.0,25.5
ABC-001,B0ABC00100,Wireless Earbuds Pro,Electronics,2026-04-19,386,65.765,1644.12,469.75,true,25.0,25.5
ABC-001,B0ABC00100,Wireless Earbuds Pro,Electronics,2026-04-20,386,55.402,1385.05,395.73,true,25.0,25.5
ABC-001,B0ABC00100,Wireless Earbuds Pro,Electronics,2026-04-21,385,76.2661,1906.65,544.76,true,25.0,25.5
ABC-001,B0ABC00100,Wireless Earbuds Pro,Electronics,2026-04-22,385,65.2556,1631.39,466.11,true,25.0,25.5
ABC-001,B0ABC00100,Wireless Earbuds Pro,Electronics,2026-04-23,385,52.7622,1319.06,376.87,true,25.0,25.5
ABC-001,B0ABC00100,Wireless Earbuds Pro,Electronics,2026-04-24,384,64.1405,1603.51,458.15,true,25.0,25.5
ABC-001,B0ABC00100,Wireless Earbuds Pro,Electronics,2026-04-25,384,55.2432,1381.08,394.59,true,25.0,25.5
ABC-001,B0ABC00100,Wireless Earbuds Pro,Electronics,2026-04-26,384,53.2197,1330.49,380.14,true,25.0,25.5
ABC-001,B0ABC00100,Wireless Earbuds Pro,Electronics,2026-04-27,383,66.3395,1658.49,473.85,true,25.0,25.5
ABC-001,B0ABC00100,Wireless Earbuds Pro,Electronics,2026-04-28,383,57.0938,1427.35,407.81,true,25.0,25.5
ABC-001,B0ABC00100,Wireless Earbuds Pro,Electronics,2026-04-29,383,73.7659,1844.15,526.9,true,25.0,25.5
ABC-001,B0ABC00100,Wireless Earbuds Pro,Electronics,2026-04-30,383,66.1628,1654.07,472.59,true,25.0,25.5
ABC-001,B0ABC00100,Wireless Earbuds Pro,Electronics,2026-05-01,382,61.6419,1541.05,440.3,true,25.0,25.5
ABC-001,B0ABC00100,Wireless Earbuds Pro,Electronics,2026-05-02,382,64.2275,1605.69,458.77,true,25.0,25.5
ABC-001,B0ABC00100,Wireless Earbuds Pro,Electronics,2026-05-03,382,56.0719,1401.8,400.51,true,25.0,25.5
ABC-001,B0ABC00100,Wireless Earbuds Pro,Electronics,2026-05-04,381,56.9007,1422.52,406.43,true,25.0,25.5
ABC-001,B0ABC00100,Wireless Earbuds Pro,Electronics,2026-05-05,381,67.8502,1696.26,484.65,true,25.0,25.5
ABC-001,B0ABC00100,Wireless Earbuds Pro,Electronics,2026-05-06,381,58.773,1469.33,419.81,true,25.0,25.5
ABC-001,B0ABC00100,Wireless Earbuds Pro,Electronics,2026-05-07,380,52.5473,1313.68,375.34,true,25.0,25.5
ABC-001,B0ABC00100,Wireless Earbuds Pro,Electronics,2026-05-08,380,75.9598,1899.0,542.57,true,25.0,25.5
ABC-001,B0ABC00100,Wireless Earbuds Pro,Electronics,2026-05-09,380,52.4784,1311.96,374.85,true,25.0,25.5
ABC-001,B0ABC00100,Wireless Earbuds Pro,Electronics,2026-05-10,379,57.2892,1432.23,409.21,true,25.0,25.5
ABC-001,B0ABC00100,Wireless Earbuds Pro,Electronics,2026-05-11,379,72.7994,1819.99,520.0,true,25.0,25.5
ABC-001,B0ABC00100,Wireless Earbuds Pro,Electronics,2026-05-12,379,59.8282,1495.71,427.35,true,25.0,25.5
ABC-001,B0ABC00100,Wireless Earbuds Pro,Electronics,2026-05-13,378,71.4897,1787.24,510.64,true,25.0,25.5
ABC-001,B0ABC00100,Wireless Earbuds Pro,Electronics,2026-05-14,378,65.8326,1645.82,470.23,true,25.0,25.5
ABC-001,B0ABC00100,Wireless Earbuds Pro,Electronics,2026-05-15,378,66.843,1671.08,477.45,false,25.0,25.5
ABC-001,B0ABC00100,Wireless Earbuds Pro,Electronics,2026-05-16,377,70.8924,1772.31,506.37,true,25.0,25.5
ABC-001,B0ABC00100,Wireless Earbuds Pro,Electronics,2026-05-17,377,66.9682,1674.2,478.34,true,25.0,25.5
ABC-001,B0ABC00100,Wireless Earbuds Pro,Electronics,2026-05-18,377,53.6198,1340.49,383.0,true,25.0,25.5
ABC-001,B0ABC00100,Wireless Earbuds Pro,Electronics,2026-05-19,377,52.8908,1322.27,377.79,true,25.0,25.5
ABC-001,B0ABC00100,Wireless Earbuds Pro,Electronics,2026-05-20,376,56.9928,1424.82,407.09,true,25.0,25.5
ABC-001,B0ABC00100,Wireless Earbuds Pro,Electronics,2026-05-21,376,68.1034,1702.58,486.45,true,25.0,25.5
ABC-001,B0ABC00100,Wireless Earbuds Pro,Electronics,2026-05-22,376,65.9587,1648.97,471.13,true,25.0,25.5
ABC-001,B0ABC00100,Wireless Earbuds Pro,Electronics,2026-05-23,375,62.2581,1556.45,444.7,true,25.0,25.5
ABC-001,B0ABC00100,Wireless Earbuds Pro,Electronics,2026-05-24,375,71.1441,1778.6,508.17,false,25.0,25.5
ABC-001,B0ABC00100,Wireless Earbuds Pro,Electronics,2026-05-25,375,60.5312,1513.28,432.37,true,25.0,25.5
ABC-001,B0ABC00100,Wireless Earbuds Pro,Electronics,2026-05-26,374,49.9985,1249.96,357.13,true,25.0,25.5
ABC-001,B0ABC00100,Wireless Earbuds Pro,Electronics,2026-05-27,374,65.7538,1643.85,469.67,true,25.0,25.5
ABC-001,B0ABC00100,Wireless Earbuds Pro,Electronics,2026-05-28,374,68.2923,1707.31,487.8,true,25.0,25.5
ABC-001,B0ABC00100,Wireless Earbuds Pro,Electronics,2026-05-29,373,60.43,1510.75,431.64,false,25.0,25.5
ABC-001,B0ABC00100,Wireless Earbuds Pro,Electronics,2026-05-30,373,51.6134,1290.34,368.67,true,25.0,25.5
ABC-001,B0ABC00100,Wireless Earbuds Pro,Electronics,2026-05-31,373,72.1626,1804.07,515.45,true,25.0,25.5
ABC-001,B0ABC00100,Wireless Earbuds Pro,Electronics,2026-06-01,372,70.3802,1759.51,502.72,true,25.0,25.5
ABC-001,B0ABC00100,Wireless Earbuds Pro,Electronics,2026-06-02,372,53.2899,1332.25,380.64,true,25.0,25.5
ABC-001,B0ABC00100,Wireless Earbuds Pro,Electronics,2026-06-03,372,57.2148,1430.37,408.68,true,25.0,25.5
ABC-001,B0ABC00100,Wireless Earbuds Pro,Electronics,2026-06-04,371,69.2488,1731.22,494.63,true,25.0,25.5
ABC-001,B0ABC00100,Wireless Earbuds Pro,Electronics,2026-06-05,371,71.7339,1793.35,512.39,true,25.0,25.5
ABC-001,B0ABC00100,Wireless Earbuds Pro,Electronics,2026-06-06,371,55.6174,1390.44,397.27,true,25.0,25.5
ABC-001,B0ABC00100,Wireless Earbuds Pro,Electronics,2026-06-07,371,68.6772,1716.93,490.55,true,25.0,25.5
ABC-001,B0ABC00100,Wireless Earbuds Pro,Electronics,2026-06-08,370,59.3942,1484.86,424.25,true,25.0,25.5
ABC-001,B0ABC00100,Wireless Earbuds Pro,Electronics,2026-06-09,370,53.1334,1328.34,379.53,true,25.0,25.5
ABC-001,B0ABC00100,Wireless Earbuds Pro,Electronics,2026-06-10,370,70.5839,1764.6,504.17,true,25.0,25.5
ABC-001,B0ABC00100,Wireless Earbuds Pro,Electronics,2026-06-11,369,69.1984,1729.96,494.27,true,25.0,25.5
ABC-001,B0ABC00100,Wireless Earbuds Pro,Electronics,2026-06-12,369,49.8057,1245.14,355.75,true,25.0,25.5
ABC-001,B0ABC00100,Wireless Earbuds Pro,Electronics,2026-06-13,369,57.3181,1432.95,409.41,true,25.0,25.5
ABC-001,B0ABC00100,Wireless Earbuds Pro,Electronics,2026-06-14,368,68.8117,1720.29,491.51,true,25.0,25.5
ABC-001,B0ABC00100,Wireless Earbuds Pro,Electronics,2026-06-15,368,68.9617,1724.04,492.58,true,25.0,25.5
ABC-001,B0ABC00100,Wireless Earbuds Pro,Electronics,2026-06-16,368,68.3297,1708.24,488.07,true,25.0,25.5
ABC-001,B0ABC00100,Wireless Earbuds Pro,Electronics,2026-06-17,367,70.348,1758.7,502.49,true,25.0,25.5
ABC-001,B0ABC00100,Wireless Earbuds Pro,Electronics,2026-06-18,367,54.3874,1359.68,388.48,true,25.0,25.5
ABC-001,B0ABC00100,Wireless Earbuds Pro,Electronics,2026-06-19,367,60.1569,1503.92,429.69,true,25.0,25.5
ABC-001,B0ABC00100,Wireless Earbuds Pro,Electronics,2026-06-20,366,68.2903,1707.26,487.79,true,25.0,25.5
ABC-001,B0ABC00100,Wireless Earbuds Pro,Electronics,2026-06-21,366,49.3956,1234.89,352.83,true,25.0,25.5
ABC-001,B0ABC00100,Wireless Earbuds Pro,Electronics,2026-06-22,366,56.7817,1419.54,405.58,true,25.0,25.5
ABC-001,B0ABC00100,Wireless Earbuds Pro,Electronics,2026-06-23,366,72.2942,1807.36,516.39,true,25.0,25.5
ABC-001,B0ABC00100,Wireless Earbuds Pro,Electronics,2026-06-24,365,64.3095,1607.74,459.35,true,25.0,25.5
ABC-001,B0ABC00100,Wireless Earbuds Pro,Electronics,2026-06-25,365,72.5165,1812.91,517.97,true,25.0,25.5
ABC-001,B0ABC00100,Wireless Earbuds Pro,Electronics,2026-06-26,365,71.4352,1785.88,510.25,true,25.0,25.5
ABC-001,B0ABC00100,Wireless Earbuds Pro,Electronics,2026-06-27,364,72.1302,1803.26,515.22,true,25.0,25.5
ABC-001,B0ABC00100,Wireless Earbuds Pro,Electronics,2026-06-28,364,71.877,1796.92,513.41,true,25.0,25.5
ABC-001,B0ABC00100,Wireless Earbuds Pro,Electronics,2026-06-29,364,51.1098,1277.74,365.07,true,25.0,25.5
ABC-001,B0ABC00100,Wireless Earbuds Pro,Electronics,2026-06-30,363,66.0854,1652.14,472.04,true,25.0,25.5
ABC-001,B0ABC00100,Wireless Earbuds Pro,Electronics,2026-07-01,363,63.0676,1576.69,450.48,true,25.0,25.5
ABC-001,B0ABC00100,Wireless Earbuds Pro,Electronics,2026-07-02,363,57.6693,1441.73,411.92,true,25.0,25.5
ABC-001,B0ABC00100,Wireless Earbuds Pro,Electronics,2026-07-03,362,54.4673,1361.68,389.05,true,25.0,25.5
ABC-001,B0ABC00100,Wireless Earbuds Pro,Electronics,2026-07-04,362,48.3128,1207.82,345.09,true,25.0,25.5
ABC-001,B0ABC00100,Wireless Earbuds Pro,Electronics,2026-07-05,362,61.2148,1530.37,437.25,true,25.0,25.5
ABC-001,B0ABC00100,Wireless Earbuds Pro,Electronics,2026-07-06,361,66.0645,1651.61,471.89,true,25.0,25.5
ABC-001,B0ABC00100,Wireless Earbuds Pro,Electronics,2026-07-07,361,56.9139,1422.85,406.53,false,25.0,25.5
ABC-001,B0ABC00100,Wireless Earbuds Pro,Electronics,2026-07-08,361,64.0802,1602.01,457.72,true,25.0,25.5
ABC-001,B0ABC00100,Wireless Earbuds Pro,Electronics,2026-07-09,360,55.6057,1390.14,397.18,true,25.0,25.5
ABC-001,B0ABC00100,Wireless Earbuds Pro,Electronics,2026-07-10,360,65.3013,1632.53,466.44,true,25.0,25.5
ABC-001,B0ABC00100,Wireless Earbuds Pro,Electronics,2026-07-11,360,55.3974,1384.93,395.69,true,25.0,25.5
ABC-001,B0ABC00100,Wireless Earbuds Pro,Electronics,2026-07-12,360,57.5807,1439.52,411.29,true,25.0,25.5
ABC-001,B0ABC00100,Wireless Earbuds Pro,Electronics,2026-07-13,359,50.9422,1273.56,363.87,true,25.0,25.5
ABC-001,B0ABC00100,Wireless Earbuds Pro,Electronics,2026-07-14,359,70.3511,1758.78,502.51,true,25.0,25.5
ABC-001,B0ABC00100,Wireless Earbuds Pro,Electronics,2026-07-15,359,69.3916,1734.79,495.65,true,25.0,25.5
ABC-001,B0ABC00100,Wireless Earbuds Pro,Electronics,2026-07-16,358,54.9559,1373.9,392.54,true,25.0,25.5
ABC-001,B0ABC00100,Wireless Earbuds Pro,Electronics,2026-07-17,358,47.7357,1193.39,340.97,true,25.0,25.5
ABC-001,B0ABC00100,Wireless Earbuds Pro,Electronics,2026-07-18,358,57.9334,1448.34,413.81,true,25.0,25.5
ABC-001,B0ABC00100,Wireless Earbuds Pro,Electronics,2026-07-19,357,63.2377,1580.94,451.7,true,25.0,25.5
DEF-002,B0DEF00200,Organic Protein Powder,Grocery,2026-01-01,140,136.7609,4102.83,2051.41,false,30.0,28.0
DEF-002,B0DEF00200,Organic Protein Powder,Grocery,2026-01-02,140,138.3946,4151.84,2075.92,false,30.0,28.0
DEF-002,B0DEF00200,Organic Protein Powder,Grocery,2026-01-03,140,156.3425,4690.27,2345.14,false,30.0,28.0
DEF-002,B0DEF00200,Organic Protein Powder,Grocery,2026-01-04,140,116.4859,3494.58,1747.29,false,30.0,28.0
DEF-002,B0DEF00200,Organic Protein Powder,Grocery,2026-01-05,140,147.0024,4410.07,2205.03,false,30.0,28.0
DEF-002,B0DEF00200,Organic Protein Powder,Grocery,2026-01-06,139,157.2398,4717.19,2358.59,false,30.0,28.0
DEF-002,B0DEF00200,Organic Protein Powder,Grocery,2026-01-07,139,149.003,4470.09,2235.05,false,30.0,28.0
DEF-002,B0DEF00200,Organic Protein Powder,Grocery,2026-01-08,139,122.5047,3675.14,1837.57,true,30.0,28.0
DEF-002,B0DEF00200,Organic Protein Powder,Grocery,2026-01-09,139,124.9569,3748.71,1874.36,false,30.0,28.0
DEF-002,B0DEF00200,Organic Protein Powder,Grocery,2026-01-10,139,158.5081,4755.24,2377.62,true,30.0,28.0
DEF-002,B0DEF00200,Organic Protein Powder,Grocery,2026-01-11,139,134.1946,4025.84,2012.92,false,30.0,28.0
DEF-002,B0DEF00200,Organic Protein Powder,Grocery,2026-01-12,139,121.8745,3656.24,1828.12,false,30.0,28.0
DEF-002,B0DEF00200,Organic Protein Powder,Grocery,2026-01-13,139,138.428,4152.84,2076.42,false,30.0,28.0
DEF-002,B0DEF00200,Organic Protein Powder,Grocery,2026-01-14,139,147.289,4418.67,2209.34,true,30.0,28.0
DEF-002,B0DEF00200,Organic Protein Powder,Grocery,2026-01-15,139,152.4364,4573.09,2286.55,false,30.0,28.0
DEF-002,B0DEF00200,Organic Protein Powder,Grocery,2026-01-16,138,116.6417,3499.25,1749.62,false,30.0,28.0
DEF-002,B0DEF00200,Organic Protein Powder,Grocery,2026-01-17,138,120.3875,3611.62,1805.81,false,30.0,28.0
DEF-002,B0DEF00200,Organic Protein Powder,Grocery,2026-01-18,138,139.2078,4176.23,2088.11,true,30.0,28.0
DEF-002,B0DEF00200,Organic Protein Powder,Grocery,2026-01-19,138,124.2547,3727.64,1863.82,false,30.0,28.0
DEF-002,B0DEF00200,Organic Protein Powder,Grocery,2026-01-20,138,135.6016,4068.05,2034.03,false,30.0,28.0
DEF-002,B0DEF00200,Organic Protein Powder,Grocery,2026-01-21,138,147.1436,4414.31,2207.16,false,30.0,28.0
DEF-002,B0DEF00200,Organic Protein Powder,Grocery,2026-01-22,138,143.0561,4291.68,2145.84,false,30.0,28.0
DEF-002,B0DEF00200,Organic Protein Powder,Grocery,2026-01-23,138,159.2482,4777.45,2388.72,false,30.0,28.0
DEF-002,B0DEF00200,Organic Protein Powder,Grocery,2026-01-24,138,149.6525,4489.57,2244.78,false,30.0,28.0
DEF-002,B0DEF00200,Organic Protein Powder,Grocery,2026-01-25,137,155.6587,4669.76,2334.88,false,30.0,28.0
DEF-002,B0DEF00200,Organic Protein Powder,Grocery,2026-01-26,137,159.2016,4776.05,2388.03,false,30.0,28.0
DEF-002,B0DEF00200,Organic Protein Powder,Grocery,2026-01-27,137,135.8794,4076.38,2038.19,false,30.0,28.0
DEF-002,B0DEF00200,Organic Protein Powder,Grocery,2026-01-28,137,123.2971,3698.91,1849.45,false,30.0,28.0
DEF-002,B0DEF00200,Organic Protein Powder,Grocery,2026-01-29,137,151.633,4548.99,2274.49,false,30.0,28.0
DEF-002,B0DEF00200,Organic Protein Powder,Grocery,2026-01-30,137,143.8985,4316.95,2158.47,false,30.0,28.0
DEF-002,B0DEF00200,Organic Protein Powder,Grocery,2026-01-31,137,113.7214,3411.64,1705.82,false,30.0,28.0
DEF-002,B0DEF00200,Organic Protein Powder,Grocery,2026-02-01,137,124.2583,3727.75,1863.88,false,30.0,28.0
DEF-002,B0DEF00200,Organic Protein Powder,Grocery,2026-02-02,137,138.8346,4165.04,2082.52,false,30.0,28.0
DEF-002,B0DEF00200,Organic Protein Powder,Grocery,2026-02-03,137,121.8581,3655.74,1827.87,false,30.0,28.0
DEF-002,B0DEF00200,Organic Protein Powder,Grocery,2026-02-04,136,147.6947,4430.84,2215.42,true,30.0,28.0
DEF-002,B0DEF00200,Organic Protein Powder,Grocery,2026-02-05,136,131.2864,3938.59,1969.3,false,30.0,28.0
DEF-002,B0DEF00200,Organic Protein Powder,Grocery,2026-02-06,136,131.6307,3948.92,1974.46,false,30.0,28.0
DEF-002,B0DEF00200,Organic Protein Powder,Grocery,2026-02-07,136,131.7671,3953.01,1976.51,false,30.0,28.0
DEF-002,B0DEF00200,Organic Protein Powder,Grocery,2026-02-08,136,140.5843,4217.53,2108.76,false,30.0,28.0
DEF-002,B0DEF00200,Organic Protein Powder,Grocery,2026-02-09,136,155.2977,4658.93,2329.47,false,30.0,28.0
DEF-002,B0DEF00200,Organic Protein Powder,Grocery,2026-02-10,136,129.3023,3879.07,1939.54,true,30.0,28.0
DEF-002,B0DEF00200,Organic Protein Powder,Grocery,2026-02-11,136,127.6488,3829.46,1914.73,false,30.0,28.0
DEF-002,B0DEF00200,Organic Protein Powder,Grocery,2026-02-12,136,154.7596,4642.79,2321.39,false,30.0,28.0
DEF-002,B0DEF00200,Organic Protein Powder,Grocery,2026-02-13,135,131.0964,3932.89,1966.44,false,30.0,28.0
DEF-002,B0DEF00200,Organic Protein Powder,Grocery,2026-02-14,135,137.8782,4136.35,2068.18,false,30.0,28.0
DEF-002,B0DEF00200,Organic Protein Powder,Grocery,2026-02-15,135,120.1533,3604.6,1802.3,false,30.0,28.0
DEF-002,B0DEF00200,Organic Protein Powder,Grocery,2026-02-16,135,131.7008,3951.02,1975.51,true,30.0,28.0
DEF-002,B0DEF00200,Organic Protein Powder,Grocery,2026-02-17,135,126.2117,3786.35,1893.17,false,30.0,28.0
DEF-002,B0DEF00200,Organic Protein Powder,Grocery,2026-02-18,135,129.7946,3893.84,1946.92,false,30.0,28.0
DEF-002,B0DEF00200,Organic Protein Powder,Grocery,2026-02-19,135,133.096,3992.88,1996.44,false,30.0,28.0
DEF-002,B0DEF00200,Organic Protein Powder,Grocery,2026-02-20,135,141.3397,4240.19,2120.09,true,30.0,28.0
DEF-002,B0DEF00200,Organic Protein Powder,Grocery,2026-02-21,135,128.9371,3868.11,1934.06,false,30.0,28.0
DEF-002,B0DEF00200,Organic Protein Powder,Grocery,2026-02-22,135,109.0905,3272.72,1636.36,false,30.0,28.0
DEF-002,B0DEF00200,Organic Protein Powder,Grocery,2026-02-23,134,114.8451,3445.35,1722.67,false,30.0,28.0
DEF-002,B0DEF00200,Organic Protein Powder,Grocery,2026-02-24,134,110.1659,3304.98,1652.49,false,30.0,28.0
DEF-002,B0DEF00200,Organic Protein Powder,Grocery,2026-02-25,134,118.744,3562.32,1781.16,false,30.0,28.0
DEF-002,B0DEF00200,Organic Protein Powder,Grocery,2026-02-26,134,148.1345,4444.03,2222.01,false,30.0,28.0
DEF-002,B0DEF00200,Organic Protein Powder,Grocery,2026-02-27,134,147.5242,4425.73,2212.86,false,30.0,28.0
DEF-002,B0DEF00200,Organic Protein Powder,Grocery,2026-02-28,134,120.6407,3619.22,1809.61,true,30.0,28.0
DEF-002,B0DEF00200,Organic Protein Powder,Grocery,2026-03-01,134,108.0814,3242.44,1621.22,false,30.0,28.0
DEF-002,B0DEF00200,Organic Protein Powder,Grocery,2026-03-02,134,160.4351,4813.05,2406.53,false,30.0,28.0
DEF-002,B0DEF00200,Organic Protein Powder,Grocery,2026-03-03,134,141.6184,4248.55,2124.28,false,30.0,28.0
DEF-002,B0DEF00200,Organic Protein Powder,Grocery,2026-03-04,133,141.5931,4247.79,2123.89,false,30.0,28.0
DEF-002,B0DEF00200,Organic Protein Powder,Grocery,2026-03-05,133,157.3736,4721.21,2360.61,false,30.0,28.0
DEF-002,B0DEF00200,Organic Protein Powder,Grocery,2026-03-06,133,107.7105,3231.32,1615.66,false,30.0,28.0
DEF-002,B0DEF00200,Organic Protein Powder,Grocery,2026-03-07,133,113.2638,3397.91,1698.95,false,30.0,28.0
DEF-002,B0DEF00200,Organic Protein Powder,Grocery,2026-03-08,133,136.475,4094.25,2047.12,false,30.0,28.0
DEF-002,B0DEF00200,Organic Protein Powder,Grocery,2026-03-09,133,143.5737,4307.21,2153.61,false,30.0,28.0
DEF-002,B0DEF00200,Organic Protein Powder,Grocery,2026-03-10,133,115.205,3456.15,1728.08,false,30.0,28.0
DEF-002,B0DEF00200,Organic Protein Powder,Grocery,2026-03-11,133,145.9203,4377.61,2188.8,false,30.0,28.0
DEF-002,B0DEF00200,Organic Protein Powder,Grocery,2026-03-12,133,149.5921,4487.76,2243.88,false,30.0,28.0
DEF-002,B0DEF00200,Organic Protein Powder,Grocery,2026-03-13,133,111.7672,3353.02,1676.51,true,30.0,28.0
DEF-002,B0DEF00200,Organic Protein Powder,Grocery,2026-03-14,132,122.4782,3674.35,1837.17,false,30.0,28.0
DEF-002,B0DEF00200,Organic Protein Powder,Grocery,2026-03-15,132,156.5879,4697.64,2348.82,false,30.0,28.0
DEF-002,B0DEF00200,Organic Protein Powder,Grocery,2026-03-16,132,143.6026,4308.08,2154.04,true,30.0,28.0
DEF-002,B0DEF00200,Organic Protein Powder,Grocery,2026-03-17,132,142.199,4265.97,2132.99,false,30.0,28.0
DEF-002,B0DEF00200,Organic Protein Powder,Grocery,2026-03-18,132,110.9972,3329.92,1664.96,false,30.0,28.0
DEF-002,B0DEF00200,Organic Protein Powder,Grocery,2026-03-19,132,150.3986,4511.96,2255.98,false,30.0,28.0
DEF-002,B0DEF00200,Organic Protein Powder,Grocery,2026-03-20,132,111.8305,3354.91,1677.45,false,30.0,28.0
DEF-002,B0DEF00200,Organic Protein Powder,Grocery,2026-03-21,132,146.5948,4397.84,2198.92,false,30.0,28.0
DEF-002,B0DEF00200,Organic Protein Powder,Grocery,2026-03-22,132,127.8298,3834.89,1917.44,false,30.0,28.0
DEF-002,B0DEF00200,Organic Protein Powder,Grocery,2026-03-23,131,131.8085,3954.26,1977.13,false,30.0,28.0
DEF-002,B0DEF00200,Organic Protein Powder,Grocery,2026-03-24,131,149.7623,4492.87,2246.43,false,30.0,28.0
DEF-002,B0DEF00200,Organic Protein Powder,Grocery,2026-03-25,131,110.5703,3317.11,1658.56,false,30.0,28.0
DEF-002,B0DEF00200,Organic Protein Powder,Grocery,2026-03-26,131,138.2944,4148.83,2074.41,false,30.0,28.0
DEF-002,B0DEF00200,Organic Protein Powder,Grocery,2026-03-27,131,141.9442,4258.33,2129.16,false,30.0,28.0
DEF-002,B0DEF00200,Organic Protein Powder,Grocery,2026-03-28,131,143.2181,4296.54,2148.27,false,30.0,28.0
DEF-002,B0DEF00200,Organic Protein Powder,Grocery,2026-03-29,131,118.8297,3564.89,1782.44,false,30.0,28.0
DEF-002,B0DEF00200,Organic Protein Powder,Grocery,2026-03-30,131,132.7566,3982.7,1991.35,false,30.0,28.0
DEF-002,B0DEF00200,Organic Protein Powder,Grocery,2026-03-31,131,127.288,3818.64,1909.32,false,30.0,28.0
DEF-002,B0DEF00200,Organic Protein Powder,Grocery,2026-04-01,131,118.4556,3553.67,1776.84,false,30.0,28.0
DEF-002,B0DEF00200,Organic Protein Powder,Grocery,2026-04-02,130,147.7019,4431.06,2215.53,true,30.0,28.0
DEF-002,B0DEF00200,Organic Protein Powder,Grocery,2026-04-03,130,150.2367,4507.1,2253.55,false,30.0,28.0
DEF-002,B0DEF00200,Organic Protein Powder,Grocery,2026-04-04,130,128.3965,3851.89,1925.94,false,30.0,28.0
DEF-002,B0DEF00200,Organic Protein Powder,Grocery,2026-04-05,130,123.8312,3714.94,1857.47,true,30.0,28.0
DEF-002,B0DEF00200,Organic Protein Powder,Grocery,2026-04-06,130,148.2781,4448.34,2224.17,false,30.0,28.0
DEF-002,B0DEF00200,Organic Protein Powder,Grocery,2026-04-07,130,114.9594,3448.78,1724.39,false,30.0,28.0
DEF-002,B0DEF00200,Organic Protein Powder,Grocery,2026-04-08,130,121.5244,3645.73,1822.87,false,30.0,28.0
DEF-002,B0DEF00200,Organic Protein Powder,Grocery,2026-04-09,130,140.1482,4204.45,2102.22,false,30.0,28.0
DEF-002,B0DEF00200,Organic Protein Powder,Grocery,2026-04-10,130,104.2103,3126.31,1563.15,false,30.0,28.0
DEF-002,B0DEF00200,Organic Protein Powder,Grocery,2026-04-11,130,108.0348,3241.04,1620.52,false,30.0,28.0
DEF-002,B0DEF00200,Organic Protein Powder,Grocery,2026-04-12,129,128.8038,3864.11,1932.06,false,30.0,28.0
DEF-002,B0DEF00200,Organic Protein Powder,Grocery,2026-04-13,129,139.1476,4174.43,2087.22,false,30.0,28.0
DEF-002,B0DEF00200,Organic Protein Powder,Grocery,2026-04-14,129,128.7107,3861.32,1930.66,false,30.0,28.0
DEF-002,B0DEF00200,Organic Protein Powder,Grocery,2026-04-15,129,108.0685,3242.05,1621.03,false,30.0,28.0
DEF-002,B0DEF00200,Organic Protein Powder,Grocery,2026-04-16,129,138.8693,4166.08,2083.04,false,30.0,28.0
DEF-002,B0DEF00200,Organic Protein Powder,Grocery,2026-04-17,129,133.074,3992.22,1996.11,false,30.0,28.0
DEF-002,B0DEF00200,Organic Protein Powder,Grocery,2026-04-18,129,130.3577,3910.73,1955.37,false,30.0,28.0
DEF-002,B0DEF00200,Organic Protein Powder,Grocery,2026-04-19,129,141.3168,4239.5,2119.75,false,30.0,28.0
DEF-002,B0DEF00200,Organic Protein Powder,Grocery,2026-04-20,129,138.9862,4169.59,2084.8,false,30.0,28.0
DEF-002,B0DEF00200,Organic Protein Powder,Grocery,2026-04-21,128,115.6771,3470.31,1735.15,false,30.0,28.0
DEF-002,B0DEF00200,Organic Protein Powder,Grocery,2026-04-22,128,112.5629,3376.89,1688.44,false,30.0,28.0
DEF-002,B0DEF00200,Organic Protein Powder,Grocery,2026-04-23,128,130.0797,3902.39,1951.19,false,30.0,28.0
DEF-002,B0DEF00200,Organic Protein Powder,Grocery,2026-04-24,128,111.9977,3359.93,1679.96,false,30.0,28.0
DEF-002,B0DEF00200,Organic Protein Powder,Grocery,2026-04-25,128,127.2208,3816.62,1908.31,false,30.0,28.0
DEF-002,B0DEF00200,Organic Protein Powder,Grocery,2026-04-26,128,152.313,4569.39,2284.7,false,30.0,28.0
DEF-002,B0DEF00200,Organic Protein Powder,Grocery,2026-04-27,128,116.7252,3501.76,1750.88,false,30.0,28.0
DEF-002,B0DEF00200,Organic Protein Powder,Grocery,2026-04-28,128,112.0887,3362.66,1681.33,false,30.0,28.0
DEF-002,B0DEF00200,Organic Protein Powder,Grocery,2026-04-29,128,111.2474,3337.42,1668.71,true,30.0,28.0
DEF-002,B0DEF00200,Organic Protein Powder,Grocery,2026-04-30,128,129.246,3877.38,1938.69,false,30.0,28.0
DEF-002,B0DEF00200,Organic Protein Powder,Grocery,2026-05-01,127,151.5701,4547.1,2273.55,false,30.0,28.0
DEF-002,B0DEF00200,Organic Protein Powder,Grocery,2026-05-02,127,137.3471,4120.41,2060.2,false,30.0,28.0
DEF-002,B0DEF00200,Organic Protein Powder,Grocery,2026-05-03,127,145.9358,4378.07,2189.03,false,30.0,28.0
DEF-002,B0DEF00200,Organic Protein Powder,Grocery,2026-05-04,127,146.0318,4380.95,2190.47,false,30.0,28.0
DEF-002,B0DEF00200,Organic Protein Powder,Grocery,2026-05-05,127,125.4256,3762.77,1881.38,false,30.0,28.0
DEF-002,B0DEF00200,Organic Protein Powder,Grocery,2026-05-06,127,110.8565,3325.69,1662.85,true,30.0,28.0
DEF-002,B0DEF00200,Organic Protein Powder,Grocery,2026-05-07,127,149.1355,4474.07,2237.03,false,30.0,28.0
DEF-002,B0DEF00200,Organic Protein Powder,Grocery,2026-05-08,127,142.9853,4289.56,2144.78,false,30.0,28.0
DEF-002,B0DEF00200,Organic Protein Powder,Grocery,2026-05-09,127,104.9983,3149.95,1574.97,false,30.0,28.0
DEF-002,B0DEF00200,Organic Protein Powder,Grocery,2026-05-10,126,103.8757,3116.27,1558.13,false,30.0,28.0
DEF-002,B0DEF00200,Organic Protein Powder,Grocery,2026-05-11,126,129.5259,3885.78,1942.89,false,30.0,28.0
DEF-002,B0DEF00200,Organic Protein Powder,Grocery,2026-05-12,126,151.1869,4535.61,2267.8,false,30.0,28.0
DEF-002,B0DEF00200,Organic Protein Powder,Grocery,2026-05-13,126,139.4828,4184.48,2092.24,false,30.0,28.0
DEF-002,B0DEF00200,Organic Protein Powder,Grocery,2026-05-14,126,140.6924,4220.77,2110.39,false,30.0,28.0
DEF-002,B0DEF00200,Organic Protein Powder,Grocery,2026-05-15,126,127.067,3812.01,1906.01,false,30.0,28.0
DEF-002,B0DEF00200,Organic Protein Powder,Grocery,2026-05-16,126,122.9421,3688.26,1844.13,false,30.0,28.0
DEF-002,B0DEF00200,Organic Protein Powder,Grocery,2026-05-17,126,150.3627,4510.88,2255.44,false,30.0,28.0
DEF-002,B0DEF00200,Organic Protein Powder,Grocery,2026-05-18,126,131.6961,3950.88,1975.44,false,30.0,28.0
DEF-002,B0DEF00200,Organic Protein Powder,Grocery,2026-05-19,126,137.5634,4126.9,2063.45,false,30.0,28.0
DEF-002,B0DEF00200,Organic Protein Powder,Grocery,2026-05-20,125,110.7471,3322.41,1661.2,false,30.0,28.0
DEF-002,B0DEF00200,Organic Protein Powder,Grocery,2026-05-21,125,133.3407,4000.22,2000.11,false,30.0,28.0
DEF-002,B0DEF00200,Organic Protein Powder,Grocery,2026-05-22,125,108.8602,3265.81,1632.9,true,30.0,28.0
DEF-002,B0DEF00200,Organic Protein Powder,Grocery,2026-05-23,125,100.2059,3006.18,1503.09,false,30.0,28.0
DEF-002,B0DEF00200,Organic Protein Powder,Grocery,2026-05-24,125,129.675,3890.25,1945.12,false,30.0,28.0
DEF-002,B0DEF00200,Organic Protein Powder,Grocery,2026-05-25,125,111.4667,3344.0,1672.0,false,30.0,28.0
DEF-002,B0DEF00200,Organic Protein Powder,Grocery,2026-05-26,125,134.9061,4047.18,2023.59,false,30.0,28.0
DEF-002,B0DEF00200,Organic Protein Powder,Grocery,2026-05-27,125,134.0145,4020.43,2010.21,false,30.0,28.0
DEF-002,B0DEF00200,Organic Protein Powder,Grocery,2026-05-28,125,138.9063,4167.19,2083.59,false,30.0,28.0
DEF-002,B0DEF00200,Organic Protein Powder,Grocery,2026-05-29,124,132.4843,3974.53,1987.27,false,30.0,28.0
DEF-002,B0DEF00200,Organic Protein Powder,Grocery,2026-05-30,124,120.6313,3618.94,1809.47,false,30.0,28.0
DEF-002,B0DEF00200,Organic Protein Powder,Grocery,2026-05-31,124,131.5874,3947.62,1973.81,false,30.0,28.0
DEF-002,B0DEF00200,Organic Protein Powder,Grocery,2026-06-01,124,140.3649,4210.95,2105.47,true,30.0,28.0
DEF-002,B0DEF00200,Organic Protein Powder,Grocery,2026-06-02,124,107.4644,3223.93,1611.96,false,30.0,28.0
DEF-002,B0DEF00200,Organic Protein Powder,Grocery,2026-06-03,124,136.2768,4088.3,2044.15,false,30.0,28.0
DEF-002,B0DEF00200,Organic Protein Powder,Grocery,2026-06-04,124,113.3595,3400.78,1700.39,false,30.0,28.0
DEF-002,B0DEF00200,Organic Protein Powder,Grocery,2026-06-05,124,133.0627,3991.88,1995.94,false,30.0,28.0
DEF-002,B0DEF00200,Organic Protein Powder,Grocery,2026-06-06,124,145.5095,4365.28,2182.64,false,30.0,28.0
DEF-002,B0DEF00200,Organic Protein Powder,Grocery,2026-06-07,124,123.2084,3696.25,1848.12,true,30.0,28.0
DEF-002,B0DEF00200,Organic Protein Powder,Grocery,2026-06-08,123,100.6957,3020.87,1510.43,false,30.0,28.0
DEF-002,B0DEF00200,Organic Protein Powder,Grocery,2026-06-09,123,114.5415,3436.24,1718.12,false,30.0,28.0
DEF-002,B0DEF00200,Organic Protein Powder,Grocery,2026-06-10,123,103.0606,3091.82,1545.91,false,30.0,28.0
DEF-002,B0DEF00200,Organic Protein Powder,Grocery,2026-06-11,123,139.6369,4189.11,2094.55,false,30.0,28.0
DEF-002,B0DEF00200,Organic Protein Powder,Grocery,2026-06-12,123,145.1669,4355.01,2177.51,false,30.0,28.0
DEF-002,B0DEF00200,Organic Protein Powder,Grocery,2026-06-13,123,131.3533,3940.6,1970.3,false,30.0,28.0
DEF-002,B0DEF00200,Organic Protein Powder,Grocery,2026-06-14,123,100.1999,3006.0,1503.0,false,30.0,28.0
DEF-002,B0DEF00200,Organic Protein Powder,Grocery,2026-06-15,123,121.2275,3636.83,1818.41,false,30.0,28.0
DEF-002,B0DEF00200,Organic Protein Powder,Grocery,2026-06-16,123,142.9692,4289.08,2144.54,false,30.0,28.0
DEF-002,B0DEF00200,Organic Protein Powder,Grocery,2026-06-17,122,126.645,3799.35,1899.67,false,30.0,28.0
DEF-002,B0DEF00200,Organic Protein Powder,Grocery,2026-06-18,122,121.955,3658.65,1829.33,true,30.0,28.0
DEF-002,B0DEF00200,Organic Protein Powder,Grocery,2026-06-19,122,114.82,3444.6,1722.3,false,30.0,28.0
DEF-002,B0DEF00200,Organic Protein Powder,Grocery,2026-06-20,122,130.4627,3913.88,1956.94,false,30.0,28.0
DEF-002,B0DEF00200,Organic Protein Powder,Grocery,2026-06-21,122,113.7364,3412.09,1706.05,false,30.0,28.0
DEF-002,B0DEF00200,Organic Protein Powder,Grocery,2026-06-22,122,111.6101,3348.3,1674.15,false,30.0,28.0
DEF-002,B0DEF00200,Organic Protein Powder,Grocery,2026-06-23,122,137.1163,4113.49,2056.74,false,30.0,28.0
DEF-002,B0DEF00200,Organic Protein Powder,Grocery,2026-06-24,122,119.5304,3585.91,1792.95,false,30.0,28.0
DEF-002,B0DEF00200,Organic Protein Powder,Grocery,2026-06-25,122,113.0273,3390.82,1695.41,false,30.0,28.0
DEF-002,B0DEF00200,Organic Protein Powder,Grocery,2026-06-26,122,116.8621,3505.86,1752.93,false,30.0,28.0
DEF-002,B0DEF00200,Organic Protein Powder,Grocery,2026-06-27,121,145.121,4353.63,2176.82,false,30.0,28.0
DEF-002,B0DEF00200,Organic Protein Powder,Grocery,2026-06-28,121,123.3768,3701.3,1850.65,false,30.0,28.0
DEF-002,B0DEF00200,Organic Protein Powder,Grocery,2026-06-29,121,106.0584,3181.75,1590.88,false,30.0,28.0
DEF-002,B0DEF00200,Organic Protein Powder,Grocery,2026-06-30,121,133.5221,4005.66,2002.83,false,30.0,28.0
DEF-002,B0DEF00200,Organic Protein Powder,Grocery,2026-07-01,121,133.578,4007.34,2003.67,false,30.0,28.0
DEF-002,B0DEF00200,Organic Protein Powder,Grocery,2026-07-02,121,123.2701,3698.1,1849.05,false,30.0,28.0
DEF-002,B0DEF00200,Organic Protein Powder,Grocery,2026-07-03,121,117.7951,3533.85,1766.92,false,30.0,28.0
DEF-002,B0DEF00200,Organic Protein Powder,Grocery,2026-07-04,121,102.4055,3072.16,1536.08,false,30.0,28.0
DEF-002,B0DEF00200,Organic Protein Powder,Grocery,2026-07-05,121,125.8259,3774.78,1887.39,false,30.0,28.0
DEF-002,B0DEF00200,Organic Protein Powder,Grocery,2026-07-06,120,104.0079,3120.24,1560.12,false,30.0,28.0
DEF-002,B0DEF00200,Organic Protein Powder,Grocery,2026-07-07,120,122.8807,3686.42,1843.21,true,30.0,28.0
DEF-002,B0DEF00200,Organic Protein Powder,Grocery,2026-07-08,120,143.9395,4318.19,2159.09,false,30.0,28.0
DEF-002,B0DEF00200,Organic Protein Powder,Grocery,2026-07-09,120,118.3021,3549.06,1774.53,false,30.0,28.0
DEF-002,B0DEF00200,Organic Protein Powder,Grocery,2026-07-10,120,135.9995,4079.99,2039.99,false,30.0,28.0
DEF-002,B0DEF00200,Organic Protein Powder,Grocery,2026-07-11,120,130.3372,3910.12,1955.06,false,30.0,28.0
DEF-002,B0DEF00200,Organic Protein Powder,Grocery,2026-07-12,120,108.9789,3269.37,1634.68,false,30.0,28.0
DEF-002,B0DEF00200,Organic Protein Powder,Grocery,2026-07-13,120,142.7358,4282.07,2141.03,false,30.0,28.0
DEF-002,B0DEF00200,Organic Protein Powder,Grocery,2026-07-14,120,122.0831,3662.49,1831.24,false,30.0,28.0
DEF-002,B0DEF00200,Organic Protein Powder,Grocery,2026-07-15,120,139.6945,4190.84,2095.42,false,30.0,28.0
DEF-002,B0DEF00200,Organic Protein Powder,Grocery,2026-07-16,119,137.5397,4126.19,2063.09,false,30.0,28.0
DEF-002,B0DEF00200,Organic Protein Powder,Grocery,2026-07-17,119,108.6362,3259.09,1629.55,false,30.0,28.0
DEF-002,B0DEF00200,Organic Protein Powder,Grocery,2026-07-18,119,115.1541,3454.62,1727.31,false,30.0,28.0
DEF-002,B0DEF00200,Organic Protein Powder,Grocery,2026-07-19,119,119.4736,3584.21,1792.11,false,30.0,28.0
GHI-003,B0GHI00300,Yoga Mat Premium,Sports,2026-01-01,420,95.8792,3355.77,838.94,false,35.0,30.0
GHI-003,B0GHI00300,Yoga Mat Premium,Sports,2026-01-02,420,108.5699,3799.95,949.99,false,35.0,30.0
GHI-003,B0GHI00300,Yoga Mat Premium,Sports,2026-01-03,419,104.408,3654.28,913.57,false,35.0,30.0
GHI-003,B0GHI00300,Yoga Mat Premium,Sports,2026-01-04,419,106.3805,3723.32,930.83,false,35.0,30.0
GHI-003,B0GHI00300,Yoga Mat Premium,Sports,2026-01-05,419,106.859,3740.06,935.01,false,35.0,30.0
GHI-003,B0GHI00300,Yoga Mat Premium,Sports,2026-01-06,418,102.7378,3595.82,898.96,false,35.0,30.0
GHI-003,B0GHI00300,Yoga Mat Premium,Sports,2026-01-07,418,91.5097,3202.84,800.71,false,35.0,30.0
GHI-003,B0GHI00300,Yoga Mat Premium,Sports,2026-01-08,418,107.4484,3760.69,940.17,false,35.0,30.0
GHI-003,B0GHI00300,Yoga Mat Premium,Sports,2026-01-09,417,115.8734,4055.57,1013.89,true,35.0,30.0
GHI-003,B0GHI00300,Yoga Mat Premium,Sports,2026-01-10,417,114.4995,4007.48,1001.87,false,35.0,30.0
GHI-003,B0GHI00300,Yoga Mat Premium,Sports,2026-01-11,417,117.1936,4101.78,1025.44,false,35.0,30.0
GHI-003,B0GHI00300,Yoga Mat Premium,Sports,2026-01-12,417,110.952,3883.32,970.83,false,35.0,30.0
GHI-003,B0GHI00300,Yoga Mat Premium,Sports,2026-01-13,416,124.0676,4342.37,1085.59,false,35.0,30.0
GHI-003,B0GHI00300,Yoga Mat Premium,Sports,2026-01-14,416,84.7207,2965.22,741.3,false,35.0,30.0
GHI-003,B0GHI00300,Yoga Mat Premium,Sports,2026-01-15,416,107.6453,3767.59,941.9,false,35.0,30.0
GHI-003,B0GHI00300,Yoga Mat Premium,Sports,2026-01-16,415,119.3579,4177.53,1044.38,false,35.0,30.0
GHI-003,B0GHI00300,Yoga Mat Premium,Sports,2026-01-17,415,104.8169,3668.59,917.15,false,35.0,30.0
GHI-003,B0GHI00300,Yoga Mat Premium,Sports,2026-01-18,415,112.8848,3950.97,987.74,false,35.0,30.0
GHI-003,B0GHI00300,Yoga Mat Premium,Sports,2026-01-19,414,109.9956,3849.85,962.46,false,35.0,30.0
GHI-003,B0GHI00300,Yoga Mat Premium,Sports,2026-01-20,414,102.2406,3578.42,894.61,false,35.0,30.0
GHI-003,B0GHI00300,Yoga Mat Premium,Sports,2026-01-21,414,96.7463,3386.12,846.53,false,35.0,30.0
GHI-003,B0GHI00300,Yoga Mat Premium,Sports,2026-01-22,413,109.5403,3833.91,958.48,false,35.0,30.0
GHI-003,B0GHI00300,Yoga Mat Premium,Sports,2026-01-23,413,117.8217,4123.76,1030.94,false,35.0,30.0
GHI-003,B0GHI00300,Yoga Mat Premium,Sports,2026-01-24,413,98.2361,3438.26,859.57,false,35.0,30.0
GHI-003,B0GHI00300,Yoga Mat Premium,Sports,2026-01-25,412,112.1308,3924.58,981.14,false,35.0,30.0
GHI-003,B0GHI00300,Yoga Mat Premium,Sports,2026-01-26,412,118.3781,4143.23,1035.81,true,35.0,30.0
GHI-003,B0GHI00300,Yoga Mat Premium,Sports,2026-01-27,412,85.1796,2981.29,745.32,false,35.0,30.0
GHI-003,B0GHI00300,Yoga Mat Premium,Sports,2026-01-28,411,120.1948,4206.82,1051.7,false,35.0,30.0
GHI-003,B0GHI00300,Yoga Mat Premium,Sports,2026-01-29,411,112.9415,3952.95,988.24,false,35.0,30.0
GHI-003,B0GHI00300,Yoga Mat Premium,Sports,2026-01-30,411,86.2177,3017.62,754.4,false,35.0,30.0
GHI-003,B0GHI00300,Yoga Mat Premium,Sports,2026-01-31,411,117.9337,4127.68,1031.92,false,35.0,30.0
GHI-003,B0GHI00300,Yoga Mat Premium,Sports,2026-02-01,410,110.5174,3868.11,967.03,false,35.0,30.0
GHI-003,B0GHI00300,Yoga Mat Premium,Sports,2026-02-02,410,83.8693,2935.43,733.86,false,35.0,30.0
GHI-003,B0GHI00300,Yoga Mat Premium,Sports,2026-02-03,410,93.9375,3287.81,821.95,false,35.0,30.0
GHI-003,B0GHI00300,Yoga Mat Premium,Sports,2026-02-04,409,87.816,3073.56,768.39,false,35.0,30.0
GHI-003,B0GHI00300,Yoga Mat Premium,Sports,2026-02-05,409,104.94,3672.9,918.23,false,35.0,30.0
GHI-003,B0GHI00300,Yoga Mat Premium,Sports,2026-02-06,409,88.6786,3103.75,775.94,true,35.0,30.0
GHI-003,B0GHI00300,Yoga Mat Premium,Sports,2026-02-07,408,117.2293,4103.03,1025.76,false,35.0,30.0
GHI-003,B0GHI00300,Yoga Mat Premium,Sports,2026-02-08,408,91.4326,3200.14,800.03,false,35.0,30.0
GHI-003,B0GHI00300,Yoga Mat Premium,Sports,2026-02-09,408,87.3781,3058.23,764.56,false,35.0,30.0
GHI-003,B0GHI00300,Yoga Mat Premium,Sports,2026-02-10,407,91.827,3213.94,803.49,false,35.0,30.0
GHI-003,B0GHI00300,Yoga Mat Premium,Sports,2026-02-11,407,81.7996,2862.99,715.75,false,35.0,30.0
GHI-003,B0GHI00300,Yoga Mat Premium,Sports,2026-02-12,407,118.0125,4130.44,1032.61,false,35.0,30.0
GHI-003,B0GHI00300,Yoga Mat Premium,Sports,2026-02-13,406,87.712,3069.92,767.48,false,35.0,30.0
GHI-003,B0GHI00300,Yoga Mat Premium,Sports,2026-02-14,406,95.2628,3334.2,833.55,false,35.0,30.0
GHI-003,B0GHI00300,Yoga Mat Premium,Sports,2026-02-15,406,107.0947,3748.31,937.08,false,35.0,30.0
GHI-003,B0GHI00300,Yoga Mat Premium,Sports,2026-02-16,406,91.2437,3193.53,798.38,false,35.0,30.0
GHI-003,B0GHI00300,Yoga Mat Premium,Sports,2026-02-17,405,89.1112,3118.89,779.72,false,35.0,30.0
GHI-003,B0GHI00300,Yoga Mat Premium,Sports,2026-02-18,405,100.5401,3518.9,879.73,false,35.0,30.0
GHI-003,B0GHI00300,Yoga Mat Premium,Sports,2026-02-19,405,104.051,3641.78,910.45,false,35.0,30.0
GHI-003,B0GHI00300,Yoga Mat Premium,Sports,2026-02-20,404,120.9796,4234.29,1058.57,false,35.0,30.0
GHI-003,B0GHI00300,Yoga Mat Premium,Sports,2026-02-21,404,120.2896,4210.14,1052.54,false,35.0,30.0
GHI-003,B0GHI00300,Yoga Mat Premium,Sports,2026-02-22,404,91.8026,3213.09,803.27,false,35.0,30.0
GHI-003,B0GHI00300,Yoga Mat Premium,Sports,2026-02-23,403,108.3196,3791.19,947.8,false,35.0,30.0
GHI-003,B0GHI00300,Yoga Mat Premium,Sports,2026-02-24,403,82.5744,2890.1,722.52,false,35.0,30.0
GHI-003,B0GHI00300,Yoga Mat Premium,Sports,2026-02-25,403,100.537,3518.8,879.7,false,35.0,30.0
GHI-003,B0GHI00300,Yoga Mat Premium,Sports,2026-02-26,402,91.9873,3219.56,804.89,false,35.0,30.0
GHI-003,B0GHI00300,Yoga Mat Premium,Sports,2026-02-27,402,104.8157,3668.55,917.14,false,35.0,30.0
GHI-003,B0GHI00300,Yoga Mat Premium,Sports,2026-02-28,402,105.9209,3707.23,926.81,false,35.0,30.0
GHI-003,B0GHI00300,Yoga Mat Premium,Sports,2026-03-01,401,107.4895,3762.13,940.53,false,35.0,30.0
GHI-003,B0GHI00300,Yoga Mat Premium,Sports,2026-03-02,401,106.6598,3733.09,933.27,false,35.0,30.0
GHI-003,B0GHI00300,Yoga Mat Premium,Sports,2026-03-03,401,105.3362,3686.77,921.69,false,35.0,30.0
GHI-003,B0GHI00300,Yoga Mat Premium,Sports,2026-03-04,400,105.978,3709.23,927.31,false,35.0,30.0
GHI-003,B0GHI00300,Yoga Mat Premium,Sports,2026-03-05,400,97.6708,3418.48,854.62,false,35.0,30.0
GHI-003,B0GHI00300,Yoga Mat Premium,Sports,2026-03-06,400,109.2507,3823.77,955.94,true,35.0,30.0
GHI-003,B0GHI00300,Yoga Mat Premium,Sports,2026-03-07,400,91.6954,3209.34,802.34,false,35.0,30.0
GHI-003,B0GHI00300,Yoga Mat Premium,Sports,2026-03-08,399,86.8537,3039.88,759.97,false,35.0,30.0
GHI-003,B0GHI00300,Yoga Mat Premium,Sports,2026-03-09,399,101.2957,3545.35,886.34,false,35.0,30.0
GHI-003,B0GHI00300,Yoga Mat Premium,Sports,2026-03-10,399,100.8747,3530.61,882.65,false,35.0,30.0
GHI-003,B0GHI00300,Yoga Mat Premium,Sports,2026-03-11,398,112.7278,3945.47,986.37,false,35.0,30.0
GHI-003,B0GHI00300,Yoga Mat Premium,Sports,2026-03-12,398,112.4085,3934.3,983.58,false,35.0,30.0
GHI-003,B0GHI00300,Yoga Mat Premium,Sports,2026-03-13,398,111.5958,3905.85,976.46,false,35.0,30.0
GHI-003,B0GHI00300,Yoga Mat Premium,Sports,2026-03-14,397,92.9218,3252.26,813.07,false,35.0,30.0
GHI-003,B0GHI00300,Yoga Mat Premium,Sports,2026-03-15,397,117.6283,4116.99,1029.25,false,35.0,30.0
GHI-003,B0GHI00300,Yoga Mat Premium,Sports,2026-03-16,397,117.6781,4118.73,1029.68,false,35.0,30.0
GHI-003,B0GHI00300,Yoga Mat Premium,Sports,2026-03-17,396,107.9811,3779.34,944.84,false,35.0,30.0
GHI-003,B0GHI00300,Yoga Mat Premium,Sports,2026-03-18,396,117.5217,4113.26,1028.32,false,35.0,30.0
GHI-003,B0GHI00300,Yoga Mat Premium,Sports,2026-03-19,396,93.6244,3276.85,819.21,false,35.0,30.0
GHI-003,B0GHI00300,Yoga Mat Premium,Sports,2026-03-20,395,79.6364,2787.27,696.82,false,35.0,30.0
GHI-003,B0GHI00300,Yoga Mat Premium,Sports,2026-03-21,395,96.9923,3394.73,848.68,false,35.0,30.0
GHI-003,B0GHI00300,Yoga Mat Premium,Sports,2026-03-22,395,105.504,3692.64,923.16,false,35.0,30.0
GHI-003,B0GHI00300,Yoga Mat Premium,Sports,2026-03-23,394,111.3401,3896.9,974.23,false,35.0,30.0
GHI-003,B0GHI00300,Yoga Mat Premium,Sports,2026-03-24,394,83.1047,2908.66,727.16,false,35.0,30.0
GHI-003,B0GHI00300,Yoga Mat Premium,Sports,2026-03-25,394,79.7566,2791.48,697.87,false,35.0,30.0
GHI-003,B0GHI00300,Yoga Mat Premium,Sports,2026-03-26,394,100.8016,3528.06,882.01,false,35.0,30.0
GHI-003,B0GHI00300,Yoga Mat Premium,Sports,2026-03-27,393,87.3497,3057.24,764.31,true,35.0,30.0
GHI-003,B0GHI00300,Yoga Mat Premium,Sports,2026-03-28,393,110.9521,3883.32,970.83,false,35.0,30.0
GHI-003,B0GHI00300,Yoga Mat Premium,Sports,2026-03-29,393,90.3828,3163.4,790.85,false,35.0,30.0
GHI-003,B0GHI00300,Yoga Mat Premium,Sports,2026-03-30,392,83.9392,2937.87,734.47,false,35.0,30.0
GHI-003,B0GHI00300,Yoga Mat Premium,Sports,2026-03-31,392,90.323,3161.3,790.33,false,35.0,30.0
GHI-003,B0GHI00300,Yoga Mat Premium,Sports,2026-04-01,392,82.1365,2874.78,718.7,false,35.0,30.0
GHI-003,B0GHI00300,Yoga Mat Premium,Sports,2026-04-02,391,83.576,2925.16,731.29,false,35.0,30.0
GHI-003,B0GHI00300,Yoga Mat Premium,Sports,2026-04-03,391,104.4214,3654.75,913.69,false,35.0,30.0
GHI-003,B0GHI00300,Yoga Mat Premium,Sports,2026-04-04,391,115.1007,4028.52,1007.13,false,35.0,30.0
GHI-003,B0GHI00300,Yoga Mat Premium,Sports,2026-04-05,390,107.0554,3746.94,936.74,false,35.0,30.0
GHI-003,B0GHI00300,Yoga Mat Premium,Sports,2026-04-06,390,94.1986,3296.95,824.24,true,35.0,30.0
GHI-003,B0GHI00300,Yoga Mat Premium,Sports,2026-04-07,390,97.0248,3395.87,848.97,false,35.0,30.0
GHI-003,B0GHI00300,Yoga Mat Premium,Sports,2026-04-08,389,114.9455,4023.09,1005.77,true,35.0,30.0
GHI-003,B0GHI00300,Yoga Mat Premium,Sports,2026-04-09,389,92.2444,3228.55,807.14,false,35.0,30.0
GHI-003,B0GHI00300,Yoga Mat Premium,Sports,2026-04-10,389,114.722,4015.27,1003.82,false,35.0,30.0
GHI-003,B0GHI00300,Yoga Mat Premium,Sports,2026-04-11,388,81.5599,2854.6,713.65,false,35.0,30.0
GHI-003,B0GHI00300,Yoga Mat Premium,Sports,2026-04-12,388,98.7723,3457.03,864.26,false,35.0,30.0
GHI-003,B0GHI00300,Yoga Mat Premium,Sports,2026-04-13,388,91.4859,3202.01,800.5,false,35.0,30.0
GHI-003,B0GHI00300,Yoga Mat Premium,Sports,2026-04-14,388,84.8671,2970.35,742.59,false,35.0,30.0
GHI-003,B0GHI00300,Yoga Mat Premium,Sports,2026-04-15,387,110.2872,3860.05,965.01,false,35.0,30.0
GHI-003,B0GHI00300,Yoga Mat Premium,Sports,2026-04-16,387,103.0292,3606.02,901.5,false,35.0,30.0
GHI-003,B0GHI00300,Yoga Mat Premium,Sports,2026-04-17,387,100.4083,3514.29,878.57,true,35.0,30.0
GHI-003,B0GHI00300,Yoga Mat Premium,Sports,2026-04-18,386,107.6525,3767.84,941.96,false,35.0,30.0
GHI-003,B0GHI00300,Yoga Mat Premium,Sports,2026-04-19,386,82.0564,2871.97,717.99,false,35.0,30.0
GHI-003,B0GHI00300,Yoga Mat Premium,Sports,2026-04-20,386,79.7791,2792.27,698.07,false,35.0,30.0
GHI-003,B0GHI00300,Yoga Mat Premium,Sports,2026-04-21,385,85.0528,2976.85,744.21,false,35.0,30.0
GHI-003,B0GHI00300,Yoga Mat Premium,Sports,2026-04-22,385,110.4933,3867.27,966.82,false,35.0,30.0
GHI-003,B0GHI00300,Yoga Mat Premium,Sports,2026-04-23,385,82.6207,2891.72,722.93,false,35.0,30.0
GHI-003,B0GHI00300,Yoga Mat Premium,Sports,2026-04-24,384,76.99,2694.65,673.66,false,35.0,30.0
GHI-003,B0GHI00300,Yoga Mat Premium,Sports,2026-04-25,384,82.3753,2883.14,720.78,false,35.0,30.0
GHI-003,B0GHI00300,Yoga Mat Premium,Sports,2026-04-26,384,86.3745,3023.11,755.78,false,35.0,30.0
GHI-003,B0GHI00300,Yoga Mat Premium,Sports,2026-04-27,383,102.0409,3571.43,892.86,true,35.0,30.0
GHI-003,B0GHI00300,Yoga Mat Premium,Sports,2026-04-28,383,77.1984,2701.94,675.49,false,35.0,30.0
GHI-003,B0GHI00300,Yoga Mat Premium,Sports,2026-04-29,383,85.6747,2998.61,749.65,false,35.0,30.0
GHI-003,B0GHI00300,Yoga Mat Premium,Sports,2026-04-30,383,83.1682,2910.89,727.72,true,35.0,30.0
GHI-003,B0GHI00300,Yoga Mat Premium,Sports,2026-05-01,382,104.7885,3667.6,916.9,false,35.0,30.0
GHI-003,B0GHI00300,Yoga Mat Premium,Sports,2026-05-02,382,104.8528,3669.85,917.46,false,35.0,30.0
GHI-003,B0GHI00300,Yoga Mat Premium,Sports,2026-05-03,382,106.0008,3710.03,927.51,false,35.0,30.0
GHI-003,B0GHI00300,Yoga Mat Premium,Sports,2026-05-04,381,80.4087,2814.3,703.58,false,35.0,30.0
GHI-003,B0GHI00300,Yoga Mat Premium,Sports,2026-05-05,381,112.2027,3927.09,981.77,true,35.0,30.0
GHI-003,B0GHI00300,Yoga Mat Premium,Sports,2026-05-06,381,105.9366,3707.78,926.95,false,35.0,30.0
GHI-003,B0GHI00300,Yoga Mat Premium,Sports,2026-05-07,380,95.8933,3356.27,839.07,false,35.0,30.0
GHI-003,B0GHI00300,Yoga Mat Premium,Sports,2026-05-08,380,112.6315,3942.1,985.52,true,35.0,30.0
GHI-003,B0GHI00300,Yoga Mat Premium,Sports,2026-05-09,380,94.122,3294.27,823.57,false,35.0,30.0
GHI-003,B0GHI00300,Yoga Mat Premium,Sports,2026-05-10,379,101.9011,3566.54,891.63,false,35.0,30.0
GHI-003,B0GHI00300,Yoga Mat Premium,Sports,2026-05-11,379,110.2922,3860.23,965.06,true,35.0,30.0
GHI-003,B0GHI00300,Yoga Mat Premium,Sports,2026-05-12,379,78.8068,2758.24,689.56,false,35.0,30.0
GHI-003,B0GHI00300,Yoga Mat Premium,Sports,2026-05-13,378,78.1695,2735.93,683.98,false,35.0,30.0
GHI-003,B0GHI00300,Yoga Mat Premium,Sports,2026-05-14,378,99.5579,3484.53,871.13,false,35.0,30.0
GHI-003,B0GHI00300,Yoga Mat Premium,Sports,2026-05-15,378,87.8432,3074.51,768.63,false,35.0,30.0
GHI-003,B0GHI00300,Yoga Mat Premium,Sports,2026-05-16,377,95.5222,3343.28,835.82,false,35.0,30.0
GHI-003,B0GHI00300,Yoga Mat Premium,Sports,2026-05-17,377,98.2663,3439.32,859.83,true,35.0,30.0
GHI-003,B0GHI00300,Yoga Mat Premium,Sports,2026-05-18,377,101.8152,3563.53,890.88,false,35.0,30.0
GHI-003,B0GHI00300,Yoga Mat Premium,Sports,2026-05-19,377,99.815,3493.53,873.38,false,35.0,30.0
GHI-003,B0GHI00300,Yoga Mat Premium,Sports,2026-05-20,376,102.3621,3582.67,895.67,false,35.0,30.0
GHI-003,B0GHI00300,Yoga Mat Premium,Sports,2026-05-21,376,92.1539,3225.39,806.35,false,35.0,30.0
GHI-003,B0GHI00300,Yoga Mat Premium,Sports,2026-05-22,376,87.8468,3074.64,768.66,false,35.0,30.0
GHI-003,B0GHI00300,Yoga Mat Premium,Sports,2026-05-23,375,90.6648,3173.27,793.32,true,35.0,30.0
GHI-003,B0GHI00300,Yoga Mat Premium,Sports,2026-05-24,375,90.9927,3184.74,796.18,false,35.0,30.0
GHI-003,B0GHI00300,Yoga Mat Premium,Sports,2026-05-25,375,88.9508,3113.28,778.32,false,35.0,30.0
GHI-003,B0GHI00300,Yoga Mat Premium,Sports,2026-05-26,374,109.4146,3829.51,957.38,true,35.0,30.0
GHI-003,B0GHI00300,Yoga Mat Premium,Sports,2026-05-27,374,105.9111,3706.89,926.72,true,35.0,30.0
GHI-003,B0GHI00300,Yoga Mat Premium,Sports,2026-05-28,374,78.3476,2742.17,685.54,false,35.0,30.0
GHI-003,B0GHI00300,Yoga Mat Premium,Sports,2026-05-29,373,104.9858,3674.5,918.62,false,35.0,30.0
GHI-003,B0GHI00300,Yoga Mat Premium,Sports,2026-05-30,373,96.492,3377.22,844.3,false,35.0,30.0
GHI-003,B0GHI00300,Yoga Mat Premium,Sports,2026-05-31,373,86.8376,3039.32,759.83,false,35.0,30.0
GHI-003,B0GHI00300,Yoga Mat Premium,Sports,2026-06-01,372,87.6562,3067.97,766.99,false,35.0,30.0
GHI-003,B0GHI00300,Yoga Mat Premium,Sports,2026-06-02,372,102.3436,3582.03,895.51,false,35.0,30.0
GHI-003,B0GHI00300,Yoga Mat Premium,Sports,2026-06-03,372,101.1704,3540.96,885.24,false,35.0,30.0
GHI-003,B0GHI00300,Yoga Mat Premium,Sports,2026-06-04,371,96.6026,3381.09,845.27,false,35.0,30.0
GHI-003,B0GHI00300,Yoga Mat Premium,Sports,2026-06-05,371,95.6859,3349.01,837.25,false,35.0,30.0
GHI-003,B0GHI00300,Yoga Mat Premium,Sports,2026-06-06,371,98.5277,3448.47,862.12,false,35.0,30.0
GHI-003,B0GHI00300,Yoga Mat Premium,Sports,2026-06-07,371,78.119,2734.16,683.54,false,35.0,30.0
GHI-003,B0GHI00300,Yoga Mat Premium,Sports,2026-06-08,370,87.6542,3067.9,766.98,false,35.0,30.0
GHI-003,B0GHI00300,Yoga Mat Premium,Sports,2026-06-09,370,95.2198,3332.69,833.17,false,35.0,30.0
GHI-003,B0GHI00300,Yoga Mat Premium,Sports,2026-06-10,370,105.1569,3680.49,920.12,false,35.0,30.0
GHI-003,B0GHI00300,Yoga Mat Premium,Sports,2026-06-11,369,104.0803,3642.81,910.7,false,35.0,30.0
GHI-003,B0GHI00300,Yoga Mat Premium,Sports,2026-06-12,369,97.5077,3412.77,853.19,true,35.0,30.0
GHI-003,B0GHI00300,Yoga Mat Premium,Sports,2026-06-13,369,107.9822,3779.38,944.85,false,35.0,30.0
GHI-003,B0GHI00300,Yoga Mat Premium,Sports,2026-06-14,368,83.5192,2923.17,730.79,false,35.0,30.0
GHI-003,B0GHI00300,Yoga Mat Premium,Sports,2026-06-15,368,99.4661,3481.31,870.33,false,35.0,30.0
GHI-003,B0GHI00300,Yoga Mat Premium,Sports,2026-06-16,368,86.0377,3011.32,752.83,true,35.0,30.0
GHI-003,B0GHI00300,Yoga Mat Premium,Sports,2026-06-17,367,105.4373,3690.31,922.58,false,35.0,30.0
GHI-003,B0GHI00300,Yoga Mat Premium,Sports,2026-06-18,367,88.128,3084.48,771.12,false,35.0,30.0
GHI-003,B0GHI00300,Yoga Mat Premium,Sports,2026-06-19,367,96.5755,3380.14,845.03,true,35.0,30.0
GHI-003,B0GHI00300,Yoga Mat Premium,Sports,2026-06-20,366,100.6313,3522.1,880.52,false,35.0,30.0
GHI-003,B0GHI00300,Yoga Mat Premium,Sports,2026-06-21,366,88.5985,3100.95,775.24,false,35.0,30.0
GHI-003,B0GHI00300,Yoga Mat Premium,Sports,2026-06-22,366,86.7013,3034.55,758.64,false,35.0,30.0
GHI-003,B0GHI00300,Yoga Mat Premium,Sports,2026-06-23,366,101.4947,3552.31,888.08,false,35.0,30.0
GHI-003,B0GHI00300,Yoga Mat Premium,Sports,2026-06-24,365,76.1405,2664.92,666.23,true,35.0,30.0
GHI-003,B0GHI00300,Yoga Mat Premium,Sports,2026-06-25,365,78.7185,2755.15,688.79,false,35.0,30.0
GHI-003,B0GHI00300,Yoga Mat Premium,Sports,2026-06-26,365,97.4822,3411.88,852.97,false,35.0,30.0
GHI-003,B0GHI00300,Yoga Mat Premium,Sports,2026-06-27,364,96.9598,3393.59,848.4,false,35.0,30.0
GHI-003,B0GHI00300,Yoga Mat Premium,Sports,2026-06-28,364,88.8733,3110.57,777.64,false,35.0,30.0
GHI-003,B0GHI00300,Yoga Mat Premium,Sports,2026-06-29,364,100.1739,3506.09,876.52,false,35.0,30.0
GHI-003,B0GHI00300,Yoga Mat Premium,Sports,2026-06-30,363,88.2788,3089.76,772.44,false,35.0,30.0
GHI-003,B0GHI00300,Yoga Mat Premium,Sports,2026-07-01,363,97.225,3402.88,850.72,false,35.0,30.0
GHI-003,B0GHI00300,Yoga Mat Premium,Sports,2026-07-02,363,96.7289,3385.51,846.38,true,35.0,30.0
GHI-003,B0GHI00300,Yoga Mat Premium,Sports,2026-07-03,362,86.7936,3037.78,759.45,false,35.0,30.0
GHI-003,B0GHI00300,Yoga Mat Premium,Sports,2026-07-04,362,72.6863,2544.02,636.0,false,35.0,30.0
GHI-003,B0GHI00300,Yoga Mat Premium,Sports,2026-07-05,362,79.9859,2799.51,699.88,false,35.0,30.0
GHI-003,B0GHI00300,Yoga Mat Premium,Sports,2026-07-06,361,81.5167,2853.08,713.27,false,35.0,30.0
GHI-003,B0GHI00300,Yoga Mat Premium,Sports,2026-07-07,361,72.4981,2537.43,634.36,false,35.0,30.0
GHI-003,B0GHI00300,Yoga Mat Premium,Sports,2026-07-08,361,78.4947,2747.31,686.83,false,35.0,30.0
GHI-003,B0GHI00300,Yoga Mat Premium,Sports,2026-07-09,360,97.4579,3411.03,852.76,false,35.0,30.0
GHI-003,B0GHI00300,Yoga Mat Premium,Sports,2026-07-10,360,102.0433,3571.52,892.88,false,35.0,30.0
GHI-003,B0GHI00300,Yoga Mat Premium,Sports,2026-07-11,360,74.5605,2609.62,652.4,false,35.0,30.0
GHI-003,B0GHI00300,Yoga Mat Premium,Sports,2026-07-12,360,73.4249,2569.87,642.47,true,35.0,30.0
GHI-003,B0GHI00300,Yoga Mat Premium,Sports,2026-07-13,359,104.9296,3672.54,918.13,false,35.0,30.0
GHI-003,B0GHI00300,Yoga Mat Premium,Sports,2026-07-14,359,92.4414,3235.45,808.86,false,35.0,30.0
GHI-003,B0GHI00300,Yoga Mat Premium,Sports,2026-07-15,359,97.1559,3400.46,850.12,false,35.0,30.0
GHI-003,B0GHI00300,Yoga Mat Premium,Sports,2026-07-16,358,75.7782,2652.24,663.06,true,35.0,30.0
GHI-003,B0GHI00300,Yoga Mat Premium,Sports,2026-07-17,358,83.2139,2912.49,728.12,false,35.0,30.0
GHI-003,B0GHI00300,Yoga Mat Premium,Sports,2026-07-18,358,93.632,3277.12,819.28,false,35.0,30.0
GHI-003,B0GHI00300,Yoga Mat Premium,Sports,2026-07-19,357,104.3278,3651.47,912.87,true,35.0,30.0
JKL-004,B0JKL00400,Stainless Steel Bottle,Home,2026-01-01,168,63.7164,1274.33,318.58,false,20.0,20.0
JKL-004,B0JKL00400,Stainless Steel Bottle,Home,2026-01-02,168,57.9472,1158.94,289.74,true,20.0,20.0
JKL-004,B0JKL00400,Stainless Steel Bottle,Home,2026-01-03,168,53.5847,1071.69,267.92,false,20.0,20.0
JKL-004,B0JKL00400,Stainless Steel Bottle,Home,2026-01-04,168,52.2872,1045.74,261.44,false,20.0,20.0
JKL-004,B0JKL00400,Stainless Steel Bottle,Home,2026-01-05,167,48.4205,968.41,242.1,true,20.0,20.0
JKL-004,B0JKL00400,Stainless Steel Bottle,Home,2026-01-06,167,47.1766,943.53,235.88,true,20.0,20.0
JKL-004,B0JKL00400,Stainless Steel Bottle,Home,2026-01-07,167,64.7998,1296.0,324.0,false,20.0,20.0
JKL-004,B0JKL00400,Stainless Steel Bottle,Home,2026-01-08,167,60.7726,1215.45,303.86,true,20.0,20.0
JKL-004,B0JKL00400,Stainless Steel Bottle,Home,2026-01-09,167,62.6785,1253.57,313.39,false,20.0,20.0
JKL-004,B0JKL00400,Stainless Steel Bottle,Home,2026-01-10,167,47.7558,955.12,238.78,false,20.0,20.0
JKL-004,B0JKL00400,Stainless Steel Bottle,Home,2026-01-11,167,57.8565,1157.13,289.28,true,20.0,20.0
JKL-004,B0JKL00400,Stainless Steel Bottle,Home,2026-01-12,167,58.9927,1179.85,294.96,false,20.0,20.0
JKL-004,B0JKL00400,Stainless Steel Bottle,Home,2026-01-13,166,61.5528,1231.06,307.76,false,20.0,20.0
JKL-004,B0JKL00400,Stainless Steel Bottle,Home,2026-01-14,166,61.098,1221.96,305.49,true,20.0,20.0
JKL-004,B0JKL00400,Stainless Steel Bottle,Home,2026-01-15,166,54.2795,1085.59,271.4,true,20.0,20.0
JKL-004,B0JKL00400,Stainless Steel Bottle,Home,2026-01-16,166,56.7984,1135.97,283.99,true,20.0,20.0
JKL-004,B0JKL00400,Stainless Steel Bottle,Home,2026-01-17,166,58.0838,1161.68,290.42,true,20.0,20.0
JKL-004,B0JKL00400,Stainless Steel Bottle,Home,2026-01-18,166,58.0993,1161.99,290.5,false,20.0,20.0
JKL-004,B0JKL00400,Stainless Steel Bottle,Home,2026-01-19,166,45.7042,914.08,228.52,false,20.0,20.0
JKL-004,B0JKL00400,Stainless Steel Bottle,Home,2026-01-20,166,50.8481,1016.96,254.24,false,20.0,20.0
JKL-004,B0JKL00400,Stainless Steel Bottle,Home,2026-01-21,165,45.3674,907.35,226.84,true,20.0,20.0
JKL-004,B0JKL00400,Stainless Steel Bottle,Home,2026-01-22,165,50.938,1018.76,254.69,false,20.0,20.0
JKL-004,B0JKL00400,Stainless Steel Bottle,Home,2026-01-23,165,45.3141,906.28,226.57,true,20.0,20.0
JKL-004,B0JKL00400,Stainless Steel Bottle,Home,2026-01-24,165,45.7163,914.33,228.58,true,20.0,20.0
JKL-004,B0JKL00400,Stainless Steel Bottle,Home,2026-01-25,165,62.8073,1256.15,314.04,true,20.0,20.0
JKL-004,B0JKL00400,Stainless Steel Bottle,Home,2026-01-26,165,55.1054,1102.11,275.53,false,20.0,20.0
JKL-004,B0JKL00400,Stainless Steel Bottle,Home,2026-01-27,165,56.101,1122.02,280.5,true,20.0,20.0
JKL-004,B0JKL00400,Stainless Steel Bottle,Home,2026-01-28,165,63.5541,1271.08,317.77,false,20.0,20.0
JKL-004,B0JKL00400,Stainless Steel Bottle,Home,2026-01-29,164,61.6181,1232.36,308.09,true,20.0,20.0
JKL-004,B0JKL00400,Stainless Steel Bottle,Home,2026-01-30,164,50.8712,1017.42,254.35,false,20.0,20.0
JKL-004,B0JKL00400,Stainless Steel Bottle,Home,2026-01-31,164,47.0953,941.91,235.48,false,20.0,20.0
JKL-004,B0JKL00400,Stainless Steel Bottle,Home,2026-02-01,164,46.0229,920.46,230.12,true,20.0,20.0
JKL-004,B0JKL00400,Stainless Steel Bottle,Home,2026-02-02,164,51.2332,1024.66,256.17,true,20.0,20.0
JKL-004,B0JKL00400,Stainless Steel Bottle,Home,2026-02-03,164,54.7134,1094.27,273.57,false,20.0,20.0
JKL-004,B0JKL00400,Stainless Steel Bottle,Home,2026-02-04,164,49.0655,981.31,245.33,false,20.0,20.0
JKL-004,B0JKL00400,Stainless Steel Bottle,Home,2026-02-05,164,53.2087,1064.17,266.04,true,20.0,20.0
JKL-004,B0JKL00400,Stainless Steel Bottle,Home,2026-02-06,163,47.0503,941.01,235.25,false,20.0,20.0
JKL-004,B0JKL00400,Stainless Steel Bottle,Home,2026-02-07,163,49.7178,994.36,248.59,false,20.0,20.0
JKL-004,B0JKL00400,Stainless Steel Bottle,Home,2026-02-08,163,50.8866,1017.73,254.43,true,20.0,20.0
JKL-004,B0JKL00400,Stainless Steel Bottle,Home,2026-02-09,163,60.6512,1213.02,303.25,true,20.0,20.0
JKL-004,B0JKL00400,Stainless Steel Bottle,Home,2026-02-10,163,44.8881,897.76,224.44,false,20.0,20.0
JKL-004,B0JKL00400,Stainless Steel Bottle,Home,2026-02-11,163,58.1508,1163.02,290.75,false,20.0,20.0
JKL-004,B0JKL00400,Stainless Steel Bottle,Home,2026-02-12,163,59.0898,1181.8,295.45,true,20.0,20.0
JKL-004,B0JKL00400,Stainless Steel Bottle,Home,2026-02-13,163,63.0025,1260.05,315.01,true,20.0,20.0
JKL-004,B0JKL00400,Stainless Steel Bottle,Home,2026-02-14,162,50.5425,1010.85,252.71,true,20.0,20.0
JKL-004,B0JKL00400,Stainless Steel Bottle,Home,2026-02-15,162,46.3491,926.98,231.75,false,20.0,20.0
JKL-004,B0JKL00400,Stainless Steel Bottle,Home,2026-02-16,162,64.183,1283.66,320.92,true,20.0,20.0
JKL-004,B0JKL00400,Stainless Steel Bottle,Home,2026-02-17,162,51.6912,1033.82,258.45,true,20.0,20.0
JKL-004,B0JKL00400,Stainless Steel Bottle,Home,2026-02-18,162,63.442,1268.84,317.21,false,20.0,20.0
JKL-004,B0JKL00400,Stainless Steel Bottle,Home,2026-02-19,162,51.2811,1025.62,256.4,true,20.0,20.0
JKL-004,B0JKL00400,Stainless Steel Bottle,Home,2026-02-20,162,60.6523,1213.05,303.26,true,20.0,20.0
JKL-004,B0JKL00400,Stainless Steel Bottle,Home,2026-02-21,162,60.9448,1218.9,304.73,true,20.0,20.0
JKL-004,B0JKL00400,Stainless Steel Bottle,Home,2026-02-22,161,57.8073,1156.15,289.04,true,20.0,20.0
JKL-004,B0JKL00400,Stainless Steel Bottle,Home,2026-02-23,161,56.9149,1138.3,284.57,false,20.0,20.0
JKL-004,B0JKL00400,Stainless Steel Bottle,Home,2026-02-24,161,50.7623,1015.25,253.81,false,20.0,20.0
JKL-004,B0JKL00400,Stainless Steel Bottle,Home,2026-02-25,161,46.8233,936.47,234.12,false,20.0,20.0
JKL-004,B0JKL00400,Stainless Steel Bottle,Home,2026-02-26,161,63.2546,1265.09,316.27,false,20.0,20.0
JKL-004,B0JKL00400,Stainless Steel Bottle,Home,2026-02-27,161,47.7424,954.85,238.71,false,20.0,20.0
JKL-004,B0JKL00400,Stainless Steel Bottle,Home,2026-02-28,161,44.5045,890.09,222.52,true,20.0,20.0
JKL-004,B0JKL00400,Stainless Steel Bottle,Home,2026-03-01,161,44.9829,899.66,224.91,true,20.0,20.0
JKL-004,B0JKL00400,Stainless Steel Bottle,Home,2026-03-02,160,60.6489,1212.98,303.25,true,20.0,20.0
JKL-004,B0JKL00400,Stainless Steel Bottle,Home,2026-03-03,160,43.5573,871.15,217.79,false,20.0,20.0
JKL-004,B0JKL00400,Stainless Steel Bottle,Home,2026-03-04,160,59.0839,1181.68,295.42,false,20.0,20.0
JKL-004,B0JKL00400,Stainless Steel Bottle,Home,2026-03-05,160,50.723,1014.46,253.62,false,20.0,20.0
JKL-004,B0JKL00400,Stainless Steel Bottle,Home,2026-03-06,160,60.3779,1207.56,301.89,true,20.0,20.0
JKL-004,B0JKL00400,Stainless Steel Bottle,Home,2026-03-07,160,59.8551,1197.1,299.27,false,20.0,20.0
JKL-004,B0JKL00400,Stainless Steel Bottle,Home,2026-03-08,160,51.901,1038.02,259.5,false,20.0,20.0
JKL-004,B0JKL00400,Stainless Steel Bottle,Home,2026-03-09,160,56.938,1138.76,284.69,false,20.0,20.0
JKL-004,B0JKL00400,Stainless Steel Bottle,Home,2026-03-10,159,51.9578,1039.16,259.79,false,20.0,20.0
JKL-004,B0JKL00400,Stainless Steel Bottle,Home,2026-03-11,159,58.3811,1167.62,291.9,false,20.0,20.0
JKL-004,B0JKL00400,Stainless Steel Bottle,Home,2026-03-12,159,53.7819,1075.64,268.91,false,20.0,20.0
JKL-004,B0JKL00400,Stainless Steel Bottle,Home,2026-03-13,159,59.563,1191.26,297.81,false,20.0,20.0
JKL-004,B0JKL00400,Stainless Steel Bottle,Home,2026-03-14,159,60.0772,1201.54,300.38,false,20.0,20.0
JKL-004,B0JKL00400,Stainless Steel Bottle,Home,2026-03-15,159,62.4014,1248.03,312.01,true,20.0,20.0
JKL-004,B0JKL00400,Stainless Steel Bottle,Home,2026-03-16,159,52.0813,1041.63,260.41,false,20.0,20.0
JKL-004,B0JKL00400,Stainless Steel Bottle,Home,2026-03-17,159,50.3528,1007.06,251.76,true,20.0,20.0
JKL-004,B0JKL00400,Stainless Steel Bottle,Home,2026-03-18,158,62.6571,1253.14,313.29,true,20.0,20.0
JKL-004,B0JKL00400,Stainless Steel Bottle,Home,2026-03-19,158,59.1245,1182.49,295.62,false,20.0,20.0
JKL-004,B0JKL00400,Stainless Steel Bottle,Home,2026-03-20,158,47.4517,949.03,237.26,true,20.0,20.0
JKL-004,B0JKL00400,Stainless Steel Bottle,Home,2026-03-21,158,60.5657,1211.31,302.83,true,20.0,20.0
JKL-004,B0JKL00400,Stainless Steel Bottle,Home,2026-03-22,158,44.2721,885.44,221.36,true,20.0,20.0
JKL-004,B0JKL00400,Stainless Steel Bottle,Home,2026-03-23,158,59.9863,1199.73,299.93,false,20.0,20.0
JKL-004,B0JKL00400,Stainless Steel Bottle,Home,2026-03-24,158,58.0873,1161.75,290.44,false,20.0,20.0
JKL-004,B0JKL00400,Stainless Steel Bottle,Home,2026-03-25,158,61.0277,1220.55,305.14,false,20.0,20.0
JKL-004,B0JKL00400,Stainless Steel Bottle,Home,2026-03-26,157,51.1596,1023.19,255.8,true,20.0,20.0
JKL-004,B0JKL00400,Stainless Steel Bottle,Home,2026-03-27,157,46.6006,932.01,233.0,false,20.0,20.0
JKL-004,B0JKL00400,Stainless Steel Bottle,Home,2026-03-28,157,49.236,984.72,246.18,false,20.0,20.0
JKL-004,B0JKL00400,Stainless Steel Bottle,Home,2026-03-29,157,42.9919,859.84,214.96,true,20.0,20.0
JKL-004,B0JKL00400,Stainless Steel Bottle,Home,2026-03-30,157,46.7761,935.52,233.88,true,20.0,20.0
JKL-004,B0JKL00400,Stainless Steel Bottle,Home,2026-03-31,157,49.6471,992.94,248.24,false,20.0,20.0
JKL-004,B0JKL00400,Stainless Steel Bottle,Home,2026-04-01,157,61.2191,1224.38,306.1,true,20.0,20.0
JKL-004,B0JKL00400,Stainless Steel Bottle,Home,2026-04-02,157,55.3079,1106.16,276.54,true,20.0,20.0
JKL-004,B0JKL00400,Stainless Steel Bottle,Home,2026-04-03,156,44.5784,891.57,222.89,false,20.0,20.0
JKL-004,B0JKL00400,Stainless Steel Bottle,Home,2026-04-04,156,58.9654,1179.31,294.83,true,20.0,20.0
JKL-004,B0JKL00400,Stainless Steel Bottle,Home,2026-04-05,156,44.5314,890.63,222.66,true,20.0,20.0
JKL-004,B0JKL00400,Stainless Steel Bottle,Home,2026-04-06,156,50.9407,1018.81,254.7,false,20.0,20.0
JKL-004,B0JKL00400,Stainless Steel Bottle,Home,2026-04-07,156,43.2213,864.43,216.11,false,20.0,20.0
JKL-004,B0JKL00400,Stainless Steel Bottle,Home,2026-04-08,156,58.8833,1177.67,294.42,true,20.0,20.0
JKL-004,B0JKL00400,Stainless Steel Bottle,Home,2026-04-09,156,56.5999,1132.0,283.0,true,20.0,20.0
JKL-004,B0JKL00400,Stainless Steel Bottle,Home,2026-04-10,156,43.7793,875.59,218.9,false,20.0,20.0
JKL-004,B0JKL00400,Stainless Steel Bottle,Home,2026-04-11,155,47.6799,953.6,238.4,false,20.0,20.0
JKL-004,B0JKL00400,Stainless Steel Bottle,Home,2026-04-12,155,50.0981,1001.96,250.49,true,20.0,20.0
JKL-004,B0JKL00400,Stainless Steel Bottle,Home,2026-04-13,155,50.8288,1016.58,254.15,false,20.0,20.0
JKL-004,B0JKL00400,Stainless Steel Bottle,Home,2026-04-14,155,60.0482,1200.96,300.24,true,20.0,20.0
JKL-004,B0JKL00400,Stainless Steel Bottle,Home,2026-04-15,155,41.645,832.9,208.22,true,20.0,20.0
JKL-004,B0JKL00400,Stainless Steel Bottle,Home,2026-04-16,155,46.2646,925.29,231.32,false,20.0,20.0
JKL-004,B0JKL00400,Stainless Steel Bottle,Home,2026-04-17,155,50.089,1001.78,250.44,true,20.0,20.0
JKL-004,B0JKL00400,Stainless Steel Bottle,Home,2026-04-18,155,46.161,923.22,230.81,false,20.0,20.0
JKL-004,B0JKL00400,Stainless Steel Bottle,Home,2026-04-19,154,54.8477,1096.95,274.24,false,20.0,20.0
JKL-004,B0JKL00400,Stainless Steel Bottle,Home,2026-04-20,154,61.1851,1223.7,305.93,false,20.0,20.0
JKL-004,B0JKL00400,Stainless Steel Bottle,Home,2026-04-21,154,51.9156,1038.31,259.58,true,20.0,20.0
JKL-004,B0JKL00400,Stainless Steel Bottle,Home,2026-04-22,154,61.366,1227.32,306.83,true,20.0,20.0
JKL-004,B0JKL00400,Stainless Steel Bottle,Home,2026-04-23,154,49.0483,980.97,245.24,false,20.0,20.0
JKL-004,B0JKL00400,Stainless Steel Bottle,Home,2026-04-24,154,54.0355,1080.71,270.18,true,20.0,20.0
JKL-004,B0JKL00400,Stainless Steel Bottle,Home,2026-04-25,154,46.1656,923.31,230.83,false,20.0,20.0
JKL-004,B0JKL00400,Stainless Steel Bottle,Home,2026-04-26,154,57.0754,1141.51,285.38,false,20.0,20.0
JKL-004,B0JKL00400,Stainless Steel Bottle,Home,2026-04-27,153,55.8919,1117.84,279.46,true,20.0,20.0
JKL-004,B0JKL00400,Stainless Steel Bottle,Home,2026-04-28,153,56.634,1132.68,283.17,true,20.0,20.0
JKL-004,B0JKL00400,Stainless Steel Bottle,Home,2026-04-29,153,47.6244,952.49,238.12,false,20.0,20.0
JKL-004,B0JKL00400,Stainless Steel Bottle,Home,2026-04-30,153,51.9407,1038.81,259.7,true,20.0,20.0
JKL-004,B0JKL00400,Stainless Steel Bottle,Home,2026-05-01,153,44.337,886.74,221.69,true,20.0,20.0
JKL-004,B0JKL00400,Stainless Steel Bottle,Home,2026-05-02,153,50.1975,1003.95,250.99,true,20.0,20.0
JKL-004,B0JKL00400,Stainless Steel Bottle,Home,2026-05-03,153,53.5569,1071.14,267.79,true,20.0,20.0
JKL-004,B0JKL00400,Stainless Steel Bottle,Home,2026-05-04,153,41.9503,839.01,209.75,true,20.0,20.0
JKL-004,B0JKL00400,Stainless Steel Bottle,Home,2026-05-05,152,49.9322,998.64,249.66,false,20.0,20.0
JKL-004,B0JKL00400,Stainless Steel Bottle,Home,2026-05-06,152,41.4893,829.79,207.45,false,20.0,20.0
JKL-004,B0JKL00400,Stainless Steel Bottle,Home,2026-05-07,152,41.4164,828.33,207.08,true,20.0,20.0
JKL-004,B0JKL00400,Stainless Steel Bottle,Home,2026-05-08,152,50.9778,1019.56,254.89,true,20.0,20.0
JKL-004,B0JKL00400,Stainless Steel Bottle,Home,2026-05-09,152,51.4954,1029.91,257.48,false,20.0,20.0
JKL-004,B0JKL00400,Stainless Steel Bottle,Home,2026-05-10,152,55.7068,1114.14,278.54,false,20.0,20.0
JKL-004,B0JKL00400,Stainless Steel Bottle,Home,2026-05-11,152,47.6486,952.97,238.24,true,20.0,20.0
JKL-004,B0JKL00400,Stainless Steel Bottle,Home,2026-05-12,151,57.8868,1157.74,289.44,false,20.0,20.0
JKL-004,B0JKL00400,Stainless Steel Bottle,Home,2026-05-13,151,42.877,857.54,214.38,false,20.0,20.0
JKL-004,B0JKL00400,Stainless Steel Bottle,Home,2026-05-14,151,58.2682,1165.36,291.34,true,20.0,20.0
JKL-004,B0JKL00400,Stainless Steel Bottle,Home,2026-05-15,151,58.3235,1166.47,291.62,false,20.0,20.0
JKL-004,B0JKL00400,Stainless Steel Bottle,Home,2026-05-16,151,59.867,1197.34,299.33,false,20.0,20.0
JKL-004,B0JKL00400,Stainless Steel Bottle,Home,2026-05-17,151,50.2382,1004.76,251.19,true,20.0,20.0
JKL-004,B0JKL00400,Stainless Steel Bottle,Home,2026-05-18,151,50.6334,1012.67,253.17,true,20.0,20.0
JKL-004,B0JKL00400,Stainless Steel Bottle,Home,2026-05-19,151,54.7642,1095.28,273.82,false,20.0,20.0
JKL-004,B0JKL00400,Stainless Steel Bottle,Home,2026-05-20,150,52.2177,1044.35,261.09,true,20.0,20.0
JKL-004,B0JKL00400,Stainless Steel Bottle,Home,2026-05-21,150,51.0317,1020.63,255.16,false,20.0,20.0
JKL-004,B0JKL00400,Stainless Steel Bottle,Home,2026-05-22,150,41.6663,833.33,208.33,true,20.0,20.0
JKL-004,B0JKL00400,Stainless Steel Bottle,Home,2026-05-23,150,46.1631,923.26,230.81,true,20.0,20.0
JKL-004,B0JKL00400,Stainless Steel Bottle,Home,2026-05-24,150,48.5165,970.33,242.58,true,20.0,20.0
JKL-004,B0JKL00400,Stainless Steel Bottle,Home,2026-05-25,150,46.9858,939.72,234.93,false,20.0,20.0
JKL-004,B0JKL00400,Stainless Steel Bottle,Home,2026-05-26,150,57.2974,1145.95,286.49,false,20.0,20.0
JKL-004,B0JKL00400,Stainless Steel Bottle,Home,2026-05-27,150,59.8047,1196.09,299.02,false,20.0,20.0
JKL-004,B0JKL00400,Stainless Steel Bottle,Home,2026-05-28,149,59.3931,1187.86,296.96,true,20.0,20.0
JKL-004,B0JKL00400,Stainless Steel Bottle,Home,2026-05-29,149,41.3215,826.43,206.61,true,20.0,20.0
JKL-004,B0JKL00400,Stainless Steel Bottle,Home,2026-05-30,149,47.0223,940.45,235.11,true,20.0,20.0
JKL-004,B0JKL00400,Stainless Steel Bottle,Home,2026-05-31,149,53.2667,1065.33,266.33,true,20.0,20.0
JKL-004,B0JKL00400,Stainless Steel Bottle,Home,2026-06-01,149,42.5625,851.25,212.81,true,20.0,20.0
JKL-004,B0JKL00400,Stainless Steel Bottle,Home,2026-06-02,149,55.199,1103.98,276.0,false,20.0,20.0
JKL-004,B0JKL00400,Stainless Steel Bottle,Home,2026-06-03,149,40.9924,819.85,204.96,true,20.0,20.0
JKL-004,B0JKL00400,Stainless Steel Bottle,Home,2026-06-04,149,46.8836,937.67,234.42,false,20.0,20.0
JKL-004,B0JKL00400,Stainless Steel Bottle,Home,2026-06-05,148,50.8212,1016.42,254.1,true,20.0,20.0
JKL-004,B0JKL00400,Stainless Steel Bottle,Home,2026-06-06,148,52.9897,1059.79,264.95,true,20.0,20.0
JKL-004,B0JKL00400,Stainless Steel Bottle,Home,2026-06-07,148,46.8767,937.53,234.38,true,20.0,20.0
JKL-004,B0JKL00400,Stainless Steel Bottle,Home,2026-06-08,148,50.8236,1016.47,254.12,true,20.0,20.0
JKL-004,B0JKL00400,Stainless Steel Bottle,Home,2026-06-09,148,47.3103,946.21,236.55,true,20.0,20.0
JKL-004,B0JKL00400,Stainless Steel Bottle,Home,2026-06-10,148,44.3443,886.89,221.72,false,20.0,20.0
JKL-004,B0JKL00400,Stainless Steel Bottle,Home,2026-06-11,148,53.8797,1077.59,269.4,false,20.0,20.0
JKL-004,B0JKL00400,Stainless Steel Bottle,Home,2026-06-12,148,46.9721,939.44,234.86,true,20.0,20.0
JKL-004,B0JKL00400,Stainless Steel Bottle,Home,2026-06-13,147,44.4701,889.4,222.35,false,20.0,20.0
JKL-004,B0JKL00400,Stainless Steel Bottle,Home,2026-06-14,147,48.0565,961.13,240.28,true,20.0,20.0
JKL-004,B0JKL00400,Stainless Steel Bottle,Home,2026-06-15,147,44.8613,897.23,224.31,true,20.0,20.0
JKL-004,B0JKL00400,Stainless Steel Bottle,Home,2026-06-16,147,48.8554,977.11,244.28,false,20.0,20.0
JKL-004,B0JKL00400,Stainless Steel Bottle,Home,2026-06-17,147,55.8994,1117.99,279.5,false,20.0,20.0
JKL-004,B0JKL00400,Stainless Steel Bottle,Home,2026-06-18,147,56.7492,1134.98,283.75,false,20.0,20.0
JKL-004,B0JKL00400,Stainless Steel Bottle,Home,2026-06-19,147,40.8389,816.78,204.19,true,20.0,20.0
JKL-004,B0JKL00400,Stainless Steel Bottle,Home,2026-06-20,147,55.6129,1112.26,278.06,false,20.0,20.0
JKL-004,B0JKL00400,Stainless Steel Bottle,Home,2026-06-21,146,45.8386,916.77,229.19,false,20.0,20.0
JKL-004,B0JKL00400,Stainless Steel Bottle,Home,2026-06-22,146,49.5988,991.98,248.0,true,20.0,20.0
JKL-004,B0JKL00400,Stainless Steel Bottle,Home,2026-06-23,146,55.5833,1111.67,277.92,true,20.0,20.0
JKL-004,B0JKL00400,Stainless Steel Bottle,Home,2026-06-24,146,57.0149,1140.3,285.07,true,20.0,20.0
JKL-004,B0JKL00400,Stainless Steel Bottle,Home,2026-06-25,146,54.3653,1087.31,271.83,true,20.0,20.0
JKL-004,B0JKL00400,Stainless Steel Bottle,Home,2026-06-26,146,41.2461,824.92,206.23,false,20.0,20.0
JKL-004,B0JKL00400,Stainless Steel Bottle,Home,2026-06-27,146,41.5507,831.01,207.75,true,20.0,20.0
JKL-004,B0JKL00400,Stainless Steel Bottle,Home,2026-06-28,146,39.3294,786.59,196.65,true,20.0,20.0
JKL-004,B0JKL00400,Stainless Steel Bottle,Home,2026-06-29,145,45.9398,918.8,229.7,true,20.0,20.0
JKL-004,B0JKL00400,Stainless Steel Bottle,Home,2026-06-30,145,49.4407,988.81,247.2,true,20.0,20.0
JKL-004,B0JKL00400,Stainless Steel Bottle,Home,2026-07-01,145,40.3875,807.75,201.94,false,20.0,20.0
JKL-004,B0JKL00400,Stainless Steel Bottle,Home,2026-07-02,145,58.0194,1160.39,290.1,true,20.0,20.0
JKL-004,B0JKL00400,Stainless Steel Bottle,Home,2026-07-03,145,48.8106,976.21,244.05,true,20.0,20.0
JKL-004,B0JKL00400,Stainless Steel Bottle,Home,2026-07-04,145,54.5153,1090.31,272.58,false,20.0,20.0
JKL-004,B0JKL00400,Stainless Steel Bottle,Home,2026-07-05,145,57.3431,1146.86,286.71,true,20.0,20.0
JKL-004,B0JKL00400,Stainless Steel Bottle,Home,2026-07-06,145,47.2237,944.47,236.12,true,20.0,20.0
JKL-004,B0JKL00400,Stainless Steel Bottle,Home,2026-07-07,144,45.1516,903.03,225.76,true,20.0,20.0
JKL-004,B0JKL00400,Stainless Steel Bottle,Home,2026-07-08,144,53.4967,1069.93,267.48,true,20.0,20.0
JKL-004,B0JKL00400,Stainless Steel Bottle,Home,2026-07-09,144,41.9478,838.96,209.74,true,20.0,20.0
JKL-004,B0JKL00400,Stainless Steel Bottle,Home,2026-07-10,144,46.7257,934.51,233.63,true,20.0,20.0
JKL-004,B0JKL00400,Stainless Steel Bottle,Home,2026-07-11,144,39.4458,788.92,197.23,false,20.0,20.0
JKL-004,B0JKL00400,Stainless Steel Bottle,Home,2026-07-12,144,41.2828,825.66,206.41,false,20.0,20.0
JKL-004,B0JKL00400,Stainless Steel Bottle,Home,2026-07-13,144,44.4966,889.93,222.48,true,20.0,20.0
JKL-004,B0JKL00400,Stainless Steel Bottle,Home,2026-07-14,144,44.9048,898.1,224.53,true,20.0,20.0
JKL-004,B0JKL00400,Stainless Steel Bottle,Home,2026-07-15,143,55.3626,1107.25,276.81,true,20.0,20.0
JKL-004,B0JKL00400,Stainless Steel Bottle,Home,2026-07-16,143,43.0028,860.06,215.01,true,20.0,20.0
JKL-004,B0JKL00400,Stainless Steel Bottle,Home,2026-07-17,143,48.6966,973.93,243.48,false,20.0,20.0
JKL-004,B0JKL00400,Stainless Steel Bottle,Home,2026-07-18,143,43.9232,878.46,219.62,true,20.0,20.0
JKL-004,B0JKL00400,Stainless Steel Bottle,Home,2026-07-19,143,47.691,953.82,238.46,false,20.0,20.0
MNO-005,B0MNO00500,LED Desk Lamp,Office,2026-01-01,280,41.1825,906.01,0.0,true,22.0,23.0
MNO-005,B0MNO00500,LED Desk Lamp,Office,2026-01-02,280,37.1943,818.27,0.0,true,22.0,23.0
MNO-005,B0MNO00500,LED Desk Lamp,Office,2026-01-03,280,36.4172,801.18,0.0,true,22.0,23.0
MNO-005,B0MNO00500,LED Desk Lamp,Office,2026-01-04,279,35.8099,787.82,0.0,true,22.0,23.0
MNO-005,B0MNO00500,LED Desk Lamp,Office,2026-01-05,279,28.312,622.86,0.0,false,22.0,23.0
MNO-005,B0MNO00500,LED Desk Lamp,Office,2026-01-06,279,36.8417,810.52,0.0,true,22.0,23.0
MNO-005,B0MNO00500,LED Desk Lamp,Office,2026-01-07,279,36.9488,812.87,0.0,true,22.0,23.0
MNO-005,B0MNO00500,LED Desk Lamp,Office,2026-01-08,279,33.6546,740.4,0.0,true,22.0,23.0
MNO-005,B0MNO00500,LED Desk Lamp,Office,2026-01-09,278,34.7627,764.78,0.0,true,22.0,23.0
MNO-005,B0MNO00500,LED Desk Lamp,Office,2026-01-10,278,31.839,700.46,0.0,true,22.0,23.0
MNO-005,B0MNO00500,LED Desk Lamp,Office,2026-01-11,278,34.5005,759.01,0.0,true,22.0,23.0
MNO-005,B0MNO00500,LED Desk Lamp,Office,2026-01-12,278,37.2798,820.16,0.0,true,22.0,23.0
MNO-005,B0MNO00500,LED Desk Lamp,Office,2026-01-13,277,28.7604,632.73,0.0,false,22.0,23.0
MNO-005,B0MNO00500,LED Desk Lamp,Office,2026-01-14,277,33.8215,744.07,0.0,true,22.0,23.0
MNO-005,B0MNO00500,LED Desk Lamp,Office,2026-01-15,277,30.5323,671.71,0.0,true,22.0,23.0
MNO-005,B0MNO00500,LED Desk Lamp,Office,2026-01-16,277,32.0119,704.26,0.0,true,22.0,23.0
MNO-005,B0MNO00500,LED Desk Lamp,Office,2026-01-17,277,37.8195,832.03,0.0,true,22.0,23.0
MNO-005,B0MNO00500,LED Desk Lamp,Office,2026-01-18,276,41.1241,904.73,0.0,true,22.0,23.0
MNO-005,B0MNO00500,LED Desk Lamp,Office,2026-01-19,276,32.7395,720.27,0.0,true,22.0,23.0
MNO-005,B0MNO00500,LED Desk Lamp,Office,2026-01-20,276,32.005,704.11,0.0,true,22.0,23.0
MNO-005,B0MNO00500,LED Desk Lamp,Office,2026-01-21,276,31.2684,687.9,0.0,true,22.0,23.0
MNO-005,B0MNO00500,LED Desk Lamp,Office,2026-01-22,276,28.893,635.65,0.0,true,22.0,23.0
MNO-005,B0MNO00500,LED Desk Lamp,Office,2026-01-23,275,32.8274,722.2,0.0,true,22.0,23.0
MNO-005,B0MNO00500,LED Desk Lamp,Office,2026-01-24,275,30.9328,680.52,0.0,true,22.0,23.0
MNO-005,B0MNO00500,LED Desk Lamp,Office,2026-01-25,275,29.6916,653.22,0.0,true,22.0,23.0
MNO-005,B0MNO00500,LED Desk Lamp,Office,2026-01-26,275,35.411,779.04,0.0,true,22.0,23.0
MNO-005,B0MNO00500,LED Desk Lamp,Office,2026-01-27,275,37.9294,834.45,0.0,true,22.0,23.0
MNO-005,B0MNO00500,LED Desk Lamp,Office,2026-01-28,274,34.4932,758.85,0.0,true,22.0,23.0
MNO-005,B0MNO00500,LED Desk Lamp,Office,2026-01-29,274,31.6409,696.1,0.0,false,22.0,23.0
MNO-005,B0MNO00500,LED Desk Lamp,Office,2026-01-30,274,40.3364,887.4,0.0,true,22.0,23.0
MNO-005,B0MNO00500,LED Desk Lamp,Office,2026-01-31,274,40.5991,893.18,0.0,true,22.0,23.0
MNO-005,B0MNO00500,LED Desk Lamp,Office,2026-02-01,273,32.1747,707.84,0.0,false,22.0,23.0
MNO-005,B0MNO00500,LED Desk Lamp,Office,2026-02-02,273,34.0902,749.98,0.0,true,22.0,23.0
MNO-005,B0MNO00500,LED Desk Lamp,Office,2026-02-03,273,36.2399,797.28,0.0,true,22.0,23.0
MNO-005,B0MNO00500,LED Desk Lamp,Office,2026-02-04,273,34.6081,761.38,0.0,true,22.0,23.0
MNO-005,B0MNO00500,LED Desk Lamp,Office,2026-02-05,273,33.1396,729.07,0.0,true,22.0,23.0
MNO-005,B0MNO00500,LED Desk Lamp,Office,2026-02-06,272,37.1541,817.39,0.0,true,22.0,23.0
MNO-005,B0MNO00500,LED Desk Lamp,Office,2026-02-07,272,32.204,708.49,0.0,true,22.0,23.0
MNO-005,B0MNO00500,LED Desk Lamp,Office,2026-02-08,272,34.9584,769.08,0.0,true,22.0,23.0
MNO-005,B0MNO00500,LED Desk Lamp,Office,2026-02-09,272,34.6996,763.39,0.0,false,22.0,23.0
MNO-005,B0MNO00500,LED Desk Lamp,Office,2026-02-10,272,34.0078,748.17,0.0,true,22.0,23.0
MNO-005,B0MNO00500,LED Desk Lamp,Office,2026-02-11,271,30.9347,680.56,0.0,true,22.0,23.0
MNO-005,B0MNO00500,LED Desk Lamp,Office,2026-02-12,271,36.3435,799.56,0.0,true,22.0,23.0
MNO-005,B0MNO00500,LED Desk Lamp,Office,2026-02-13,271,40.3079,886.77,0.0,true,22.0,23.0
MNO-005,B0MNO00500,LED Desk Lamp,Office,2026-02-14,271,37.8373,832.42,0.0,true,22.0,23.0
MNO-005,B0MNO00500,LED Desk Lamp,Office,2026-02-15,271,39.7566,874.65,0.0,true,22.0,23.0
MNO-005,B0MNO00500,LED Desk Lamp,Office,2026-02-16,270,29.7247,653.94,0.0,true,22.0,23.0
MNO-005,B0MNO00500,LED Desk Lamp,Office,2026-02-17,270,33.7673,742.88,0.0,false,22.0,23.0
MNO-005,B0MNO00500,LED Desk Lamp,Office,2026-02-18,270,28.8414,634.51,0.0,true,22.0,23.0
MNO-005,B0MNO00500,LED Desk Lamp,Office,2026-02-19,270,33.3597,733.91,0.0,true,22.0,23.0
MNO-005,B0MNO00500,LED Desk Lamp,Office,2026-02-20,270,35.1194,772.63,0.0,true,22.0,23.0
MNO-005,B0MNO00500,LED Desk Lamp,Office,2026-02-21,269,31.3449,689.59,0.0,true,22.0,23.0
MNO-005,B0MNO00500,LED Desk Lamp,Office,2026-02-22,269,29.0943,640.07,0.0,true,22.0,23.0
MNO-005,B0MNO00500,LED Desk Lamp,Office,2026-02-23,269,36.826,810.17,0.0,true,22.0,23.0
MNO-005,B0MNO00500,LED Desk Lamp,Office,2026-02-24,269,31.3845,690.46,0.0,true,22.0,23.0
MNO-005,B0MNO00500,LED Desk Lamp,Office,2026-02-25,268,33.9903,747.79,0.0,true,22.0,23.0
MNO-005,B0MNO00500,LED Desk Lamp,Office,2026-02-26,268,30.8448,678.59,0.0,true,22.0,23.0
MNO-005,B0MNO00500,LED Desk Lamp,Office,2026-02-27,268,31.7395,698.27,0.0,true,22.0,23.0
MNO-005,B0MNO00500,LED Desk Lamp,Office,2026-02-28,268,39.9038,877.88,0.0,true,22.0,23.0
MNO-005,B0MNO00500,LED Desk Lamp,Office,2026-03-01,268,37.422,823.28,0.0,true,22.0,23.0
MNO-005,B0MNO00500,LED Desk Lamp,Office,2026-03-02,267,35.9391,790.66,0.0,false,22.0,23.0
MNO-005,B0MNO00500,LED Desk Lamp,Office,2026-03-03,267,33.0593,727.3,0.0,true,22.0,23.0
MNO-005,B0MNO00500,LED Desk Lamp,Office,2026-03-04,267,37.149,817.28,0.0,true,22.0,23.0
MNO-005,B0MNO00500,LED Desk Lamp,Office,2026-03-05,267,34.3818,756.4,0.0,true,22.0,23.0
MNO-005,B0MNO00500,LED Desk Lamp,Office,2026-03-06,267,34.4332,757.53,0.0,true,22.0,23.0
MNO-005,B0MNO00500,LED Desk Lamp,Office,2026-03-07,266,35.012,770.26,0.0,true,22.0,23.0
MNO-005,B0MNO00500,LED Desk Lamp,Office,2026-03-08,266,37.8074,831.76,0.0,true,22.0,23.0
MNO-005,B0MNO00500,LED Desk Lamp,Office,2026-03-09,266,35.6443,784.17,0.0,false,22.0,23.0
MNO-005,B0MNO00500,LED Desk Lamp,Office,2026-03-10,266,39.1699,861.74,0.0,true,22.0,23.0
MNO-005,B0MNO00500,LED Desk Lamp,Office,2026-03-11,266,26.8024,589.65,0.0,true,22.0,23.0
MNO-005,B0MNO00500,LED Desk Lamp,Office,2026-03-12,265,28.5387,627.85,0.0,true,22.0,23.0
MNO-005,B0MNO00500,LED Desk Lamp,Office,2026-03-13,265,31.9483,702.86,0.0,true,22.0,23.0
MNO-005,B0MNO00500,LED Desk Lamp,Office,2026-03-14,265,38.6794,850.95,0.0,true,22.0,23.0
MNO-005,B0MNO00500,LED Desk Lamp,Office,2026-03-15,265,36.2047,796.5,0.0,false,22.0,23.0
MNO-005,B0MNO00500,LED Desk Lamp,Office,2026-03-16,264,28.2719,621.98,0.0,true,22.0,23.0
MNO-005,B0MNO00500,LED Desk Lamp,Office,2026-03-17,264,30.7197,675.83,0.0,true,22.0,23.0
MNO-005,B0MNO00500,LED Desk Lamp,Office,2026-03-18,264,33.3413,733.51,0.0,true,22.0,23.0
MNO-005,B0MNO00500,LED Desk Lamp,Office,2026-03-19,264,28.6675,630.69,0.0,true,22.0,23.0
MNO-005,B0MNO00500,LED Desk Lamp,Office,2026-03-20,264,30.8742,679.23,0.0,true,22.0,23.0
MNO-005,B0MNO00500,LED Desk Lamp,Office,2026-03-21,263,36.5085,803.19,0.0,true,22.0,23.0
MNO-005,B0MNO00500,LED Desk Lamp,Office,2026-03-22,263,34.7859,765.29,0.0,true,22.0,23.0
MNO-005,B0MNO00500,LED Desk Lamp,Office,2026-03-23,263,34.3212,755.07,0.0,true,22.0,23.0
MNO-005,B0MNO00500,LED Desk Lamp,Office,2026-03-24,263,29.517,649.37,0.0,true,22.0,23.0
MNO-005,B0MNO00500,LED Desk Lamp,Office,2026-03-25,263,29.2092,642.6,0.0,true,22.0,23.0
MNO-005,B0MNO00500,LED Desk Lamp,Office,2026-03-26,262,30.1401,663.08,0.0,true,22.0,23.0
MNO-005,B0MNO00500,LED Desk Lamp,Office,2026-03-27,262,28.9319,636.5,0.0,true,22.0,23.0
MNO-005,B0MNO00500,LED Desk Lamp,Office,2026-03-28,262,30.3463,667.62,0.0,true,22.0,23.0
MNO-005,B0MNO00500,LED Desk Lamp,Office,2026-03-29,262,38.3919,844.62,0.0,true,22.0,23.0
MNO-005,B0MNO00500,LED Desk Lamp,Office,2026-03-30,262,29.7277,654.01,0.0,true,22.0,23.0
MNO-005,B0MNO00500,LED Desk Lamp,Office,2026-03-31,261,34.9714,769.37,0.0,true,22.0,23.0
MNO-005,B0MNO00500,LED Desk Lamp,Office,2026-04-01,261,38.906,855.93,0.0,true,22.0,23.0
MNO-005,B0MNO00500,LED Desk Lamp,Office,2026-04-02,261,38.5414,847.91,0.0,true,22.0,23.0
MNO-005,B0MNO00500,LED Desk Lamp,Office,2026-04-03,261,29.8538,656.78,0.0,true,22.0,23.0
MNO-005,B0MNO00500,LED Desk Lamp,Office,2026-04-04,260,35.3476,777.65,0.0,true,22.0,23.0
MNO-005,B0MNO00500,LED Desk Lamp,Office,2026-04-05,260,31.7826,699.22,0.0,true,22.0,23.0
MNO-005,B0MNO00500,LED Desk Lamp,Office,2026-04-06,260,32.2342,709.15,0.0,true,22.0,23.0
MNO-005,B0MNO00500,LED Desk Lamp,Office,2026-04-07,260,32.9812,725.59,0.0,true,22.0,23.0
MNO-005,B0MNO00500,LED Desk Lamp,Office,2026-04-08,260,35.0003,770.01,0.0,true,22.0,23.0
MNO-005,B0MNO00500,LED Desk Lamp,Office,2026-04-09,259,33.9279,746.41,0.0,true,22.0,23.0
MNO-005,B0MNO00500,LED Desk Lamp,Office,2026-04-10,259,29.0634,639.39,0.0,true,22.0,23.0
MNO-005,B0MNO00500,LED Desk Lamp,Office,2026-04-11,259,32.777,721.09,0.0,true,22.0,23.0
MNO-005,B0MNO00500,LED Desk Lamp,Office,2026-04-12,259,26.5582,584.28,0.0,true,22.0,23.0
MNO-005,B0MNO00500,LED Desk Lamp,Office,2026-04-13,259,35.1327,772.92,0.0,true,22.0,23.0
MNO-005,B0MNO00500,LED Desk Lamp,Office,2026-04-14,258,35.7941,787.47,0.0,false,22.0,23.0
MNO-005,B0MNO00500,LED Desk Lamp,Office,2026-04-15,258,32.92,724.24,0.0,true,22.0,23.0
MNO-005,B0MNO00500,LED Desk Lamp,Office,2026-04-16,258,31.0431,682.95,0.0,true,22.0,23.0
MNO-005,B0MNO00500,LED Desk Lamp,Office,2026-04-17,258,37.0939,816.07,0.0,true,22.0,23.0
MNO-005,B0MNO00500,LED Desk Lamp,Office,2026-04-18,258,28.3213,623.07,0.0,true,22.0,23.0
MNO-005,B0MNO00500,LED Desk Lamp,Office,2026-04-19,257,29.8641,657.01,0.0,true,22.0,23.0
MNO-005,B0MNO00500,LED Desk Lamp,Office,2026-04-20,257,37.383,822.43,0.0,false,22.0,23.0
MNO-005,B0MNO00500,LED Desk Lamp,Office,2026-04-21,257,33.0647,727.42,0.0,true,22.0,23.0
MNO-005,B0MNO00500,LED Desk Lamp,Office,2026-04-22,257,34.9499,768.9,0.0,true,22.0,23.0
MNO-005,B0MNO00500,LED Desk Lamp,Office,2026-04-23,256,37.3593,821.9,0.0,true,22.0,23.0
MNO-005,B0MNO00500,LED Desk Lamp,Office,2026-04-24,256,36.9316,812.5,0.0,true,22.0,23.0
MNO-005,B0MNO00500,LED Desk Lamp,Office,2026-04-25,256,37.3801,822.36,0.0,true,22.0,23.0
MNO-005,B0MNO00500,LED Desk Lamp,Office,2026-04-26,256,30.6636,674.6,0.0,true,22.0,23.0
MNO-005,B0MNO00500,LED Desk Lamp,Office,2026-04-27,256,37.5357,825.79,0.0,true,22.0,23.0
MNO-005,B0MNO00500,LED Desk Lamp,Office,2026-04-28,255,37.3699,822.14,0.0,true,22.0,23.0
MNO-005,B0MNO00500,LED Desk Lamp,Office,2026-04-29,255,25.6403,564.09,0.0,true,22.0,23.0
MNO-005,B0MNO00500,LED Desk Lamp,Office,2026-04-30,255,26.8691,591.12,0.0,true,22.0,23.0
MNO-005,B0MNO00500,LED Desk Lamp,Office,2026-05-01,255,29.1053,640.32,0.0,true,22.0,23.0
MNO-005,B0MNO00500,LED Desk Lamp,Office,2026-05-02,255,32.3749,712.25,0.0,true,22.0,23.0
MNO-005,B0MNO00500,LED Desk Lamp,Office,2026-05-03,254,37.3756,822.26,0.0,true,22.0,23.0
MNO-005,B0MNO00500,LED Desk Lamp,Office,2026-05-04,254,31.3648,690.03,0.0,true,22.0,23.0
MNO-005,B0MNO00500,LED Desk Lamp,Office,2026-05-05,254,26.8264,590.18,0.0,true,22.0,23.0
MNO-005,B0MNO00500,LED Desk Lamp,Office,2026-05-06,254,31.1975,686.35,0.0,true,22.0,23.0
MNO-005,B0MNO00500,LED Desk Lamp,Office,2026-05-07,254,27.7144,609.72,0.0,true,22.0,23.0
MNO-005,B0MNO00500,LED Desk Lamp,Office,2026-05-08,253,35.3493,777.68,0.0,true,22.0,23.0
MNO-005,B0MNO00500,LED Desk Lamp,Office,2026-05-09,253,34.8962,767.72,0.0,true,22.0,23.0
MNO-005,B0MNO00500,LED Desk Lamp,Office,2026-05-10,253,36.1174,794.58,0.0,true,22.0,23.0
MNO-005,B0MNO00500,LED Desk Lamp,Office,2026-05-11,253,35.719,785.82,0.0,true,22.0,23.0
MNO-005,B0MNO00500,LED Desk Lamp,Office,2026-05-12,252,26.344,579.57,0.0,true,22.0,23.0
MNO-005,B0MNO00500,LED Desk Lamp,Office,2026-05-13,252,27.5588,606.29,0.0,true,22.0,23.0
MNO-005,B0MNO00500,LED Desk Lamp,Office,2026-05-14,252,29.2855,644.28,0.0,true,22.0,23.0
MNO-005,B0MNO00500,LED Desk Lamp,Office,2026-05-15,252,28.4701,626.34,0.0,true,22.0,23.0
MNO-005,B0MNO00500,LED Desk Lamp,Office,2026-05-16,252,34.6491,762.28,0.0,true,22.0,23.0
MNO-005,B0MNO00500,LED Desk Lamp,Office,2026-05-17,251,28.9401,636.68,0.0,true,22.0,23.0
MNO-005,B0MNO00500,LED Desk Lamp,Office,2026-05-18,251,25.2666,555.87,0.0,true,22.0,23.0
MNO-005,B0MNO00500,LED Desk Lamp,Office,2026-05-19,251,33.7969,743.53,0.0,false,22.0,23.0
MNO-005,B0MNO00500,LED Desk Lamp,Office,2026-05-20,251,26.5636,584.4,0.0,true,22.0,23.0
MNO-005,B0MNO00500,LED Desk Lamp,Office,2026-05-21,251,30.1399,663.08,0.0,true,22.0,23.0
MNO-005,B0MNO00500,LED Desk Lamp,Office,2026-05-22,250,36.2454,797.4,0.0,true,22.0,23.0
MNO-005,B0MNO00500,LED Desk Lamp,Office,2026-05-23,250,28.908,635.98,0.0,true,22.0,23.0
MNO-005,B0MNO00500,LED Desk Lamp,Office,2026-05-24,250,36.4473,801.84,0.0,true,22.0,23.0
MNO-005,B0MNO00500,LED Desk Lamp,Office,2026-05-25,250,32.6514,718.33,0.0,true,22.0,23.0
MNO-005,B0MNO00500,LED Desk Lamp,Office,2026-05-26,250,26.6216,585.68,0.0,true,22.0,23.0
MNO-005,B0MNO00500,LED Desk Lamp,Office,2026-05-27,249,34.256,753.63,0.0,true,22.0,23.0
MNO-005,B0MNO00500,LED Desk Lamp,Office,2026-05-28,249,30.093,662.05,0.0,true,22.0,23.0
MNO-005,B0MNO00500,LED Desk Lamp,Office,2026-05-29,249,30.7519,676.54,0.0,true,22.0,23.0
MNO-005,B0MNO00500,LED Desk Lamp,Office,2026-05-30,249,33.1293,728.84,0.0,true,22.0,23.0
MNO-005,B0MNO00500,LED Desk Lamp,Office,2026-05-31,248,27.9248,614.35,0.0,true,22.0,23.0
MNO-005,B0MNO00500,LED Desk Lamp,Office,2026-06-01,248,35.6685,784.71,0.0,false,22.0,23.0
MNO-005,B0MNO00500,LED Desk Lamp,Office,2026-06-02,248,30.3495,667.69,0.0,true,22.0,23.0
MNO-005,B0MNO00500,LED Desk Lamp,Office,2026-06-03,248,25.755,566.61,0.0,true,22.0,23.0
MNO-005,B0MNO00500,LED Desk Lamp,Office,2026-06-04,248,25.5307,561.68,0.0,true,22.0,23.0
MNO-005,B0MNO00500,LED Desk Lamp,Office,2026-06-05,247,30.9991,681.98,0.0,true,22.0,23.0
MNO-005,B0MNO00500,LED Desk Lamp,Office,2026-06-06,247,26.5765,584.68,0.0,true,22.0,23.0
MNO-005,B0MNO00500,LED Desk Lamp,Office,2026-06-07,247,31.13,684.86,0.0,true,22.0,23.0
MNO-005,B0MNO00500,LED Desk Lamp,Office,2026-06-08,247,27.2169,598.77,0.0,true,22.0,23.0
MNO-005,B0MNO00500,LED Desk Lamp,Office,2026-06-09,247,25.7824,567.21,0.0,true,22.0,23.0
MNO-005,B0MNO00500,LED Desk Lamp,Office,2026-06-10,246,34.6031,761.27,0.0,true,22.0,23.0
MNO-005,B0MNO00500,LED Desk Lamp,Office,2026-06-11,246,30.9368,680.61,0.0,true,22.0,23.0
MNO-005,B0MNO00500,LED Desk Lamp,Office,2026-06-12,246,25.3081,556.78,0.0,true,22.0,23.0
MNO-005,B0MNO00500,LED Desk Lamp,Office,2026-06-13,246,34.4928,758.84,0.0,true,22.0,23.0
MNO-005,B0MNO00500,LED Desk Lamp,Office,2026-06-14,246,29.4175,647.19,0.0,true,22.0,23.0
MNO-005,B0MNO00500,LED Desk Lamp,Office,2026-06-15,245,33.6842,741.05,0.0,true,22.0,23.0
MNO-005,B0MNO00500,LED Desk Lamp,Office,2026-06-16,245,25.0691,551.52,0.0,true,22.0,23.0
MNO-005,B0MNO00500,LED Desk Lamp,Office,2026-06-17,245,25.2738,556.02,0.0,true,22.0,23.0
MNO-005,B0MNO00500,LED Desk Lamp,Office,2026-06-18,245,35.9076,789.97,0.0,false,22.0,23.0
MNO-005,B0MNO00500,LED Desk Lamp,Office,2026-06-19,245,35.8669,789.07,0.0,false,22.0,23.0
MNO-005,B0MNO00500,LED Desk Lamp,Office,2026-06-20,244,29.4243,647.33,0.0,true,22.0,23.0
MNO-005,B0MNO00500,LED Desk Lamp,Office,2026-06-21,244,33.7555,742.62,0.0,true,22.0,23.0
MNO-005,B0MNO00500,LED Desk Lamp,Office,2026-06-22,244,32.2639,709.81,0.0,true,22.0,23.0
MNO-005,B0MNO00500,LED Desk Lamp,Office,2026-06-23,244,36.4635,802.2,0.0,true,22.0,23.0
MNO-005,B0MNO00500,LED Desk Lamp,Office,2026-06-24,243,34.9319,768.5,0.0,true,22.0,23.0
MNO-005,B0MNO00500,LED Desk Lamp,Office,2026-06-25,243,28.8938,635.66,0.0,true,22.0,23.0
MNO-005,B0MNO00500,LED Desk Lamp,Office,2026-06-26,243,32.3461,711.61,0.0,true,22.0,23.0
MNO-005,B0MNO00500,LED Desk Lamp,Office,2026-06-27,243,32.2179,708.79,0.0,true,22.0,23.0
MNO-005,B0MNO00500,LED Desk Lamp,Office,2026-06-28,243,26.4271,581.4,0.0,true,22.0,23.0
MNO-005,B0MNO00500,LED Desk Lamp,Office,2026-06-29,242,30.6508,674.32,0.0,true,22.0,23.0
MNO-005,B0MNO00500,LED Desk Lamp,Office,2026-06-30,242,26.9168,592.17,0.0,false,22.0,23.0
MNO-005,B0MNO00500,LED Desk Lamp,Office,2026-07-01,242,24.4741,538.43,0.0,true,22.0,23.0
MNO-005,B0MNO00500,LED Desk Lamp,Office,2026-07-02,242,32.3199,711.04,0.0,true,22.0,23.0
MNO-005,B0MNO00500,LED Desk Lamp,Office,2026-07-03,242,30.582,672.8,0.0,true,22.0,23.0
MNO-005,B0MNO00500,LED Desk Lamp,Office,2026-07-04,241,27.123,596.71,0.0,true,22.0,23.0
MNO-005,B0MNO00500,LED Desk Lamp,Office,2026-07-05,241,27.4386,603.65,0.0,true,22.0,23.0
MNO-005,B0MNO00500,LED Desk Lamp,Office,2026-07-06,241,32.8284,722.22,0.0,true,22.0,23.0
MNO-005,B0MNO00500,LED Desk Lamp,Office,2026-07-07,241,33.8163,743.96,0.0,true,22.0,23.0
MNO-005,B0MNO00500,LED Desk Lamp,Office,2026-07-08,241,33.2646,731.82,0.0,true,22.0,23.0
MNO-005,B0MNO00500,LED Desk Lamp,Office,2026-07-09,240,24.219,532.82,0.0,true,22.0,23.0
MNO-005,B0MNO00500,LED Desk Lamp,Office,2026-07-10,240,25.2213,554.87,0.0,false,22.0,23.0
MNO-005,B0MNO00500,LED Desk Lamp,Office,2026-07-11,240,31.1591,685.5,0.0,true,22.0,23.0
MNO-005,B0MNO00500,LED Desk Lamp,Office,2026-07-12,240,24.5513,540.13,0.0,true,22.0,23.0
MNO-005,B0MNO00500,LED Desk Lamp,Office,2026-07-13,239,28.7635,632.8,0.0,true,22.0,23.0
MNO-005,B0MNO00500,LED Desk Lamp,Office,2026-07-14,239,26.5252,583.55,0.0,true,22.0,23.0
MNO-005,B0MNO00500,LED Desk Lamp,Office,2026-07-15,239,24.5796,540.75,0.0,true,22.0,23.0
MNO-005,B0MNO00500,LED Desk Lamp,Office,2026-07-16,239,27.3384,601.44,0.0,true,22.0,23.0
MNO-005,B0MNO00500,LED Desk Lamp,Office,2026-07-17,239,32.5911,717.0,0.0,true,22.0,23.0
MNO-005,B0MNO00500,LED Desk Lamp,Office,2026-07-18,238,30.9698,681.34,0.0,true,22.0,23.0
MNO-005,B0MNO00500,LED Desk Lamp,Office,2026-07-19,238,27.6403,608.09,0.0,true,22.0,23.0
